DATE,OUTPOST_CODE,MESSAGE_TYPE,ITEM,QUANTITY,FAVORS,ASSIGNED_VEHICLE
2028-09-25,dff86194-0590-4016-b794-0ab8d962a938,REQUEST,Tequila,1,980,1
2028-09-25,0a0246be-648a-4b22-883b-7bea76537dcc,REQUEST,Medikit,1,453,1
2028-09-25,dff86194-0590-4016-b794-0ab8d962a938,REQUEST,Tequila,1,900,1
2028-09-25,dff86194-0590-4016-b794-0ab8d962a938,REQUEST,Medikit,1,437,1
2028-09-25,3348f946-55fe-484a-93bc-be45ff50d29d,REQUEST,Rubbing Alcohol,1,169,1
2028-09-25,d8a38737-50f7-4c47-a086-09d5e79f8ccb,REQUEST,Tequila,1,810,1
2028-09-25,b544defa-b8fa-4130-9f14-65cbde5b3ad4,REQUEST,Tequila,1,810,1
2028-09-25,df8d41a4-2bf4-4bf8-aa62-3695f8126804,REQUEST,Tequila,1,810,1
2028-09-25,d8a38737-50f7-4c47-a086-09d5e79f8ccb,REQUEST,Tequila,1,810,1
2028-09-25,3348f946-55fe-484a-93bc-be45ff50d29d,REQUEST,Rubbing Alcohol,1,149,1
2028-09-25,0a0246be-648a-4b22-883b-7bea76537dcc,REQUEST,Rubbing Alcohol,1,137,1
2028-09-25,1d1b9464-d1ab-4050-8352-868cfcf33c19,REQUEST,Rubbing Alcohol,1,126,1
2028-09-25,0a0246be-648a-4b22-883b-7bea76537dcc,REQUEST,Rubbing Alcohol,1,126,1
2028-09-25,3e8085a3-794c-4976-8f38-593a14313854,REQUEST,Rubbing Alcohol,1,124,1
2028-09-25,0a0246be-648a-4b22-883b-7bea76537dcc,REQUEST,Rubbing Alcohol,1,121,1
2028-09-25,3348f946-55fe-484a-93bc-be45ff50d29d,REQUEST,Rubbing Alcohol,1,105,1
2028-09-25,3348f946-55fe-484a-93bc-be45ff50d29d,REQUEST,Rubbing Alcohol,1,104,1
2028-09-25,3e8085a3-794c-4976-8f38-593a14313854,REQUEST,Rubbing Alcohol,1,103,1
2028-09-25,0a0246be-648a-4b22-883b-7bea76537dcc,REQUEST,Rubbing Alcohol,1,101,1
2028-09-25,3e8085a3-794c-4976-8f38-593a14313854,REQUEST,Rubbing Alcohol,1,100,1
2028-09-25,3e8085a3-794c-4976-8f38-593a14313854,REQUEST,Rubbing Alcohol,1,99,1
2028-09-25,3348f946-55fe-484a-93bc-be45ff50d29d,REQUEST,Rubbing Alcohol,1,99,1
2028-09-25,3e8085a3-794c-4976-8f38-593a14313854,REQUEST,Rubbing Alcohol,1,99,1
2028-09-25,0a0246be-648a-4b22-883b-7bea76537dcc,REQUEST,Rubbing Alcohol,1,82,1
2028-09-25,b544defa-b8fa-4130-9f14-65cbde5b3ad4,REQUEST,Tequila,2,810,1
2028-09-25,d8a38737-50f7-4c47-a086-09d5e79f8ccb,REQUEST,Medikit,2,405,1
2028-09-25,3e8085a3-794c-4976-8f38-593a14313854,REQUEST,Rubbing Alcohol,1,80,1
2028-09-25,0a0246be-648a-4b22-883b-7bea76537dcc,REQUEST,Rubbing Alcohol,1,79,1
2028-09-25,f92a03f1-fed0-4d97-8bb6-117d11c5227b,REQUEST,Medikit,2,391,1
2028-09-25,d8a38737-50f7-4c47-a086-09d5e79f8ccb,REQUEST,Tequila,3,1160,1
2028-09-25,3348f946-55fe-484a-93bc-be45ff50d29d,REQUEST,Medikit,2,360,1
2028-09-25,3348f946-55fe-484a-93bc-be45ff50d29d,REQUEST,Rubbing Alcohol,2,130,1
2028-09-25,0a0246be-648a-4b22-883b-7bea76537dcc,REQUEST,Rubbing Alcohol,2,128,1
2028-09-25,d8a38737-50f7-4c47-a086-09d5e79f8ccb,REQUEST,Medikit,3,470,1
2028-09-25,3e8085a3-794c-4976-8f38-593a14313854,REQUEST,Rubbing Alcohol,2,124,1
2028-09-25,0a0246be-648a-4b22-883b-7bea76537dcc,REQUEST,Rubbing Alcohol,2,121,1
2028-09-25,3e8085a3-794c-4976-8f38-593a14313854,REQUEST,Rubbing Alcohol,2,101,1
2028-09-25,3e8085a3-794c-4976-8f38-593a14313854,REQUEST,Rubbing Alcohol,2,100,1
2028-09-25,0a0246be-648a-4b22-883b-7bea76537dcc,REQUEST,Rubbing Alcohol,2,98,1
2028-09-25,f92a03f1-fed0-4d97-8bb6-117d11c5227b,REQUEST,Medikit,3,360,1
2028-09-25,df8d41a4-2bf4-4bf8-aa62-3695f8126804,REQUEST,Medikit,3,360,1
2028-09-25,d8a38737-50f7-4c47-a086-09d5e79f8ccb,REQUEST,Rubbing Alcohol,3,131,1
2028-09-25,3348f946-55fe-484a-93bc-be45ff50d29d,REQUEST,Rubbing Alcohol,3,126,1
2028-09-25,3348f946-55fe-484a-93bc-be45ff50d29d,REQUEST,Rubbing Alcohol,3,125,1
2028-09-25,3348f946-55fe-484a-93bc-be45ff50d29d,REQUEST,Rubbing Alcohol,2,81,1
2028-09-25,934f781c-a297-4143-ba48-dcbb41accdc9,REQUEST,Medikit,4,402,1
2028-09-25,934f781c-a297-4143-ba48-dcbb41accdc9,REQUEST,Experimental Weaponry,1,594,1
2028-09-25,7da4a39f-dd65-41d9-8e0e-b3587ab72789,REQUEST,Medikit,4,396,1
2028-09-25,3e8085a3-794c-4976-8f38-593a14313854,REQUEST,Rubbing Alcohol,2,79,1
2028-09-25,df8d41a4-2bf4-4bf8-aa62-3695f8126804,REQUEST,Experimental Weaponry,1,558,1
2028-09-25,fdf9982d-cd3a-4205-94b9-f44f4192f821,REQUEST,Experimental Weaponry,1,558,1
2028-09-25,9e727f49-8c37-45a5-89b6-4cc60e7647f3,REQUEST,Medikit,4,360,1
2028-09-25,df8d41a4-2bf4-4bf8-aa62-3695f8126804,REQUEST,Rubbing Alcohol,3,108,1
2028-09-25,d8a38737-50f7-4c47-a086-09d5e79f8ccb,REQUEST,Rubbing Alcohol,3,108,1
2028-09-25,b544defa-b8fa-4130-9f14-65cbde5b3ad4,REQUEST,Medikit,5,425,1
2028-09-25,3e8085a3-794c-4976-8f38-593a14313854,REQUEST,Rubbing Alcohol,3,99,1
2028-09-25,f92a03f1-fed0-4d97-8bb6-117d11c5227b,REQUEST,Medikit,5,411,1
2028-09-25,9e727f49-8c37-45a5-89b6-4cc60e7647f3,REQUEST,Bandages,2,162,1
2028-09-25,3e8085a3-794c-4976-8f38-593a14313854,REQUEST,Rubbing Alcohol,4,128,1
2028-09-25,fdf9982d-cd3a-4205-94b9-f44f4192f821,REQUEST,Bandages,3,227,1
2028-09-25,7da4a39f-dd65-41d9-8e0e-b3587ab72789,REQUEST,Medical Equipment,1,435,1
2028-09-25,0a0246be-648a-4b22-883b-7bea76537dcc,REQUEST,Bandages,2,144,1
2028-09-25,fdf9982d-cd3a-4205-94b9-f44f4192f821,REQUEST,Experimental Weaponry,2,846,1
2028-09-25,3348f946-55fe-484a-93bc-be45ff50d29d,REQUEST,Bandages,3,199,1
2028-09-25,3348f946-55fe-484a-93bc-be45ff50d29d,REQUEST,Rubbing Alcohol,5,130,1
2028-09-25,b544defa-b8fa-4130-9f14-65cbde5b3ad4,REQUEST,Hygiene Packs,1,125,1
2028-09-25,fdf9982d-cd3a-4205-94b9-f44f4192f821,REQUEST,Bandages,3,181,1
2028-09-25,b544defa-b8fa-4130-9f14-65cbde5b3ad4,REQUEST,Rubbing Alcohol,5,120,1
2028-09-25,7da4a39f-dd65-41d9-8e0e-b3587ab72789,REQUEST,Medical Equipment,1,336,1
2028-09-25,0a0246be-648a-4b22-883b-7bea76537dcc,REQUEST,Hygiene Packs,1,105,1
2028-09-25,d8a38737-50f7-4c47-a086-09d5e79f8ccb,REQUEST,Bandages,4,207,1
2028-09-25,3e8085a3-794c-4976-8f38-593a14313854,REQUEST,Medical Equipment,1,307,1
2028-09-25,0a0246be-648a-4b22-883b-7bea76537dcc,REQUEST,Radio Equipment,1,289,1
2028-09-25,3348f946-55fe-484a-93bc-be45ff50d29d,REQUEST,Medical Equipment,1,288,1
2028-09-25,df8d41a4-2bf4-4bf8-aa62-3695f8126804,REQUEST,Radio Equipment,1,287,1
2028-09-25,f92a03f1-fed0-4d97-8bb6-117d11c5227b,REQUEST,Experimental Weaponry,2,558,1
2028-09-25,7da4a39f-dd65-41d9-8e0e-b3587ab72789,REQUEST,Experimental Weaponry,3,837,1
2028-09-25,f92a03f1-fed0-4d97-8bb6-117d11c5227b,REQUEST,Medical Equipment,1,270,1
2028-09-25,d8a38737-50f7-4c47-a086-09d5e79f8ccb,REQUEST,Medical Equipment,1,270,1
2028-09-25,3e8085a3-794c-4976-8f38-593a14313854,REQUEST,Experimental Weaponry,3,790,1
2028-09-25,0a0246be-648a-4b22-883b-7bea76537dcc,REQUEST,Radio Equipment,1,263,1
2028-09-25,9e727f49-8c37-45a5-89b6-4cc60e7647f3,REQUEST,Petrol,1,174,1
2028-09-25,df8d41a4-2bf4-4bf8-aa62-3695f8126804,REQUEST,Petrol,1,172,1
2028-09-25,9e727f49-8c37-45a5-89b6-4cc60e7647f3,REQUEST,Radio Equipment,1,252,1
2028-09-25,0a0246be-648a-4b22-883b-7bea76537dcc,REQUEST,Bandages,4,161,1
2028-09-25,0a0246be-648a-4b22-883b-7bea76537dcc,REQUEST,Diesel,1,156,1
2028-09-25,934f781c-a297-4143-ba48-dcbb41accdc9,REQUEST,Petrol,1,155,1
2028-09-25,934f781c-a297-4143-ba48-dcbb41accdc9,REQUEST,Petrol,1,153,1
2028-09-25,3e8085a3-794c-4976-8f38-593a14313854,REQUEST,Diesel,1,150,1
2028-09-25,0a0246be-648a-4b22-883b-7bea76537dcc,REQUEST,Diesel,1,150,1
2028-09-25,3e8085a3-794c-4976-8f38-593a14313854,REQUEST,Diesel,1,149,1
2028-09-25,3348f946-55fe-484a-93bc-be45ff50d29d,REQUEST,Diesel,1,147,1
2028-09-25,0a0246be-648a-4b22-883b-7bea76537dcc,REQUEST,Diesel,1,144,1
2028-09-25,0a0246be-648a-4b22-883b-7bea76537dcc,REQUEST,Diesel,1,144,1
2028-09-25,3348f946-55fe-484a-93bc-be45ff50d29d,REQUEST,Experimental Weaponry,3,635,1
2028-09-25,3e8085a3-794c-4976-8f38-593a14313854,REQUEST,Diesel,1,140,1
2028-09-25,7da4a39f-dd65-41d9-8e0e-b3587ab72789,REQUEST,Experimental Weaponry,4,824,1
2028-09-25,9e727f49-8c37-45a5-89b6-4cc60e7647f3,REQUEST,Bandages,5,169,1
2028-09-25,d8a38737-50f7-4c47-a086-09d5e79f8ccb,REQUEST,Diesel,1,135,1
2028-09-25,3e8085a3-794c-4976-8f38-593a14313854,REQUEST,Diesel,1,134,1
2028-09-25,fdf9982d-cd3a-4205-94b9-f44f4192f821,REQUEST,Diesel,1,132,1
2028-09-25,0a0246be-648a-4b22-883b-7bea76537dcc,REQUEST,Diesel,1,132,1
2028-09-25,fdf9982d-cd3a-4205-94b9-f44f4192f821,REQUEST,Diesel,1,132,1
2028-09-25,9e727f49-8c37-45a5-89b6-4cc60e7647f3,REQUEST,Bandages,5,163,1
2028-09-25,9e727f49-8c37-45a5-89b6-4cc60e7647f3,REQUEST,Diesel,1,127,1
2028-09-25,7da4a39f-dd65-41d9-8e0e-b3587ab72789,REQUEST,Experimental Weaponry,4,756,1
2028-09-25,fdf9982d-cd3a-4205-94b9-f44f4192f821,REQUEST,Experimental Weaponry,3,558,1
2028-09-25,df8d41a4-2bf4-4bf8-aa62-3695f8126804,REQUEST,Diesel,1,121,1
2028-09-25,7da4a39f-dd65-41d9-8e0e-b3587ab72789,REQUEST,Diesel,1,119,1
2028-09-25,df8d41a4-2bf4-4bf8-aa62-3695f8126804,REQUEST,Diesel,1,118,1
2028-09-25,dff86194-0590-4016-b794-0ab8d962a938,REQUEST,Bandages,5,147,1
2028-09-25,d8a38737-50f7-4c47-a086-09d5e79f8ccb,REQUEST,Diesel,1,117,1
2028-09-25,3348f946-55fe-484a-93bc-be45ff50d29d,REQUEST,Diesel,1,114,1
2028-09-25,934f781c-a297-4143-ba48-dcbb41accdc9,REQUEST,Radio Equipment,2,338,1
2028-09-25,0a0246be-648a-4b22-883b-7bea76537dcc,REQUEST,Diesel,1,112,1
2028-09-25,3e8085a3-794c-4976-8f38-593a14313854,REQUEST,Diesel,1,112,1
2028-09-25,3e8085a3-794c-4976-8f38-593a14313854,REQUEST,Diesel,1,111,1
2028-09-25,3e8085a3-794c-4976-8f38-593a14313854,REQUEST,Diesel,1,111,1
2028-09-25,3348f946-55fe-484a-93bc-be45ff50d29d,REQUEST,Fat Rations,1,27,1
2028-09-25,1d1b9464-d1ab-4050-8352-868cfcf33c19,REQUEST,Fat Rations,1,27,1
2028-09-25,f92a03f1-fed0-4d97-8bb6-117d11c5227b,REQUEST,Fat Rations,1,27,1
2028-09-25,0a0246be-648a-4b22-883b-7bea76537dcc,REQUEST,Fat Rations,1,27,1
2028-09-25,df8d41a4-2bf4-4bf8-aa62-3695f8126804,REQUEST,Diesel,1,107,1
2028-09-25,0a0246be-648a-4b22-883b-7bea76537dcc,REQUEST,Hygiene Packs,2,107,1
2028-09-25,df8d41a4-2bf4-4bf8-aa62-3695f8126804,REQUEST,Diesel,1,105,1
2028-09-25,fdf9982d-cd3a-4205-94b9-f44f4192f821,REQUEST,Protein Rations,1,52,1
2028-09-25,7da4a39f-dd65-41d9-8e0e-b3587ab72789,REQUEST,Protein Rations,1,51,1
2028-09-25,934f781c-a297-4143-ba48-dcbb41accdc9,REQUEST,Pistol Parts,1,303,1
2028-09-25,dff86194-0590-4016-b794-0ab8d962a938,REQUEST,Radio Equipment,2,298,1
2028-09-25,d8a38737-50f7-4c47-a086-09d5e79f8ccb,REQUEST,Medical Equipment,2,290,1
2028-09-25,3e8085a3-794c-4976-8f38-593a14313854,REQUEST,Bandages,6,144,1
2028-09-25,0a0246be-648a-4b22-883b-7bea76537dcc,REQUEST,Hygiene Packs,2,95,1
2028-09-25,7da4a39f-dd65-41d9-8e0e-b3587ab72789,REQUEST,Experimental Weaponry,6,849,1
2028-09-25,d8a38737-50f7-4c47-a086-09d5e79f8ccb,REQUEST,Bandages,7,165,1
2028-09-25,fdf9982d-cd3a-4205-94b9-f44f4192f821,REQUEST,Radio Equipment,3,420,1
2028-09-25,7da4a39f-dd65-41d9-8e0e-b3587ab72789,REQUEST,Radio Equipment,2,278,1
2028-09-25,3348f946-55fe-484a-93bc-be45ff50d29d,REQUEST,Pulley,1,92,1
2028-09-25,7da4a39f-dd65-41d9-8e0e-b3587ab72789,REQUEST,Pulley,1,91,1
2028-09-25,934f781c-a297-4143-ba48-dcbb41accdc9,REQUEST,Petrol,2,176,1
2028-09-25,3348f946-55fe-484a-93bc-be45ff50d29d,REQUEST,Bandages,8,176,1
2028-09-25,7da4a39f-dd65-41d9-8e0e-b3587ab72789,REQUEST,Petrol,2,174,1
2028-09-25,fdf9982d-cd3a-4205-94b9-f44f4192f821,REQUEST,Protein Rations,1,43,1
2028-09-25,3348f946-55fe-484a-93bc-be45ff50d29d,REQUEST,Hygiene Packs,3,129,1
2028-09-25,0a0246be-648a-4b22-883b-7bea76537dcc,REQUEST,Pistol Parts,1,256,1
2028-09-25,0a0246be-648a-4b22-883b-7bea76537dcc,REQUEST,Pistol Parts,1,254,1
2028-09-25,3348f946-55fe-484a-93bc-be45ff50d29d,REQUEST,Radio Equipment,2,252,1
2028-09-25,3e8085a3-794c-4976-8f38-593a14313854,REQUEST,Hygiene Packs,2,84,1
2028-09-25,1d1b9464-d1ab-4050-8352-868cfcf33c19,REQUEST,Radio Equipment,2,252,1
2028-09-25,d8a38737-50f7-4c47-a086-09d5e79f8ccb,REQUEST,Makeshift Explosives,1,165,1
2028-09-25,934f781c-a297-4143-ba48-dcbb41accdc9,REQUEST,Workshop Tools,1,247,1
2028-09-25,3e8085a3-794c-4976-8f38-593a14313854,REQUEST,Diesel,2,163,1
2028-09-25,3348f946-55fe-484a-93bc-be45ff50d29d,REQUEST,Pulley,1,81,1
2028-09-25,0a0246be-648a-4b22-883b-7bea76537dcc,REQUEST,Pistol Parts,1,243,1
2028-09-25,3e8085a3-794c-4976-8f38-593a14313854,REQUEST,Workshop Tools,1,239,1
2028-09-25,1d1b9464-d1ab-4050-8352-868cfcf33c19,REQUEST,Makeshift Explosives,1,159,1
2028-09-25,f92a03f1-fed0-4d97-8bb6-117d11c5227b,REQUEST,Diesel,2,157,1
2028-09-25,df8d41a4-2bf4-4bf8-aa62-3695f8126804,REQUEST,Rope,1,77,1
2028-09-25,1d1b9464-d1ab-4050-8352-868cfcf33c19,REQUEST,Pistol Parts,1,225,1
2028-09-25,3e8085a3-794c-4976-8f38-593a14313854,REQUEST,Diesel,2,148,1
2028-09-25,0a0246be-648a-4b22-883b-7bea76537dcc,REQUEST,Diesel,2,148,1
2028-09-25,1d1b9464-d1ab-4050-8352-868cfcf33c19,REQUEST,Pistol Parts,1,222,1
2028-09-25,0a0246be-648a-4b22-883b-7bea76537dcc,REQUEST,Diesel,2,147,1
2028-09-25,934f781c-a297-4143-ba48-dcbb41accdc9,REQUEST,Protein Rations,1,36,1
2028-09-25,3348f946-55fe-484a-93bc-be45ff50d29d,REQUEST,Pistol Parts,1,216,1
2028-09-25,dff86194-0590-4016-b794-0ab8d962a938,REQUEST,Pistol Parts,1,213,1
2028-09-25,3e8085a3-794c-4976-8f38-593a14313854,REQUEST,Riot Equipment,1,422,1
2028-09-25,d8a38737-50f7-4c47-a086-09d5e79f8ccb,REQUEST,Medical Equipment,3,314,1
2028-09-25,3e8085a3-794c-4976-8f38-593a14313854,REQUEST,Pistol Parts,1,209,1
2028-09-25,fdf9982d-cd3a-4205-94b9-f44f4192f821,REQUEST,Riot Equipment,1,418,1
2028-09-25,3e8085a3-794c-4976-8f38-593a14313854,REQUEST,Diesel,2,139,1
2028-09-25,3348f946-55fe-484a-93bc-be45ff50d29d,REQUEST,Pistol Parts,1,208,1
2028-09-25,3348f946-55fe-484a-93bc-be45ff50d29d,REQUEST,Rope,1,69,1
2028-09-25,3e8085a3-794c-4976-8f38-593a14313854,REQUEST,Pistol Parts,1,206,1
2028-09-25,b544defa-b8fa-4130-9f14-65cbde5b3ad4,REQUEST,Riot Equipment,1,412,1
2028-09-25,0a0246be-648a-4b22-883b-7bea76537dcc,REQUEST,Pistol Parts,1,201,1
2028-09-25,3e8085a3-794c-4976-8f38-593a14313854,REQUEST,Pistol Parts,1,201,1
2028-09-25,7da4a39f-dd65-41d9-8e0e-b3587ab72789,REQUEST,Diesel,2,132,1
2028-09-25,fdf9982d-cd3a-4205-94b9-f44f4192f821,REQUEST,Drilling Equipment,1,196,1
2028-09-25,9e727f49-8c37-45a5-89b6-4cc60e7647f3,REQUEST,Radio Equipment,3,289,1
2028-09-25,dff86194-0590-4016-b794-0ab8d962a938,REQUEST,Rope,1,63,1
2028-09-25,934f781c-a297-4143-ba48-dcbb41accdc9,REQUEST,Rope,1,63,1
2028-09-25,dff86194-0590-4016-b794-0ab8d962a938,REQUEST,Rope,1,63,1
2028-09-25,7da4a39f-dd65-41d9-8e0e-b3587ab72789,REQUEST,Fat Rations,2,31,1
2028-09-25,f92a03f1-fed0-4d97-8bb6-117d11c5227b,REQUEST,Diesel,2,122,1
2028-09-25,b544defa-b8fa-4130-9f14-65cbde5b3ad4,REQUEST,Drilling Equipment,1,181,1
2028-09-25,fdf9982d-cd3a-4205-94b9-f44f4192f821,REQUEST,Workshop Tools,1,180,1
2028-09-25,df8d41a4-2bf4-4bf8-aa62-3695f8126804,REQUEST,Hygiene Packs,3,90,1
2028-09-25,d8a38737-50f7-4c47-a086-09d5e79f8ccb,REQUEST,Petrol,3,179,1
2028-09-25,7da4a39f-dd65-41d9-8e0e-b3587ab72789,REQUEST,Climbing Equipment,1,119,1
2028-09-25,d8a38737-50f7-4c47-a086-09d5e79f8ccb,REQUEST,Diesel,2,117,1
2028-09-25,3e8085a3-794c-4976-8f38-593a14313854,REQUEST,Diesel,2,112,1
2028-09-25,0a0246be-648a-4b22-883b-7bea76537dcc,REQUEST,Diesel,2,111,1
2028-09-25,df8d41a4-2bf4-4bf8-aa62-3695f8126804,REQUEST,Petrol,3,165,1
2028-09-25,fdf9982d-cd3a-4205-94b9-f44f4192f821,REQUEST,Hygiene Packs,4,110,1
2028-09-25,df8d41a4-2bf4-4bf8-aa62-3695f8126804,REQUEST,Radio Equipment,3,247,1
2028-09-25,dff86194-0590-4016-b794-0ab8d962a938,REQUEST,Climbing Equipment,1,108,1
2028-09-25,d8a38737-50f7-4c47-a086-09d5e79f8ccb,REQUEST,Fat Rations,2,27,1
2028-09-25,3e8085a3-794c-4976-8f38-593a14313854,REQUEST,Diesel,3,161,1
2028-09-25,0a0246be-648a-4b22-883b-7bea76537dcc,REQUEST,Pistol Parts,1,161,1
2028-09-25,0a0246be-648a-4b22-883b-7bea76537dcc,REQUEST,Diesel,2,107,1
2028-09-25,3348f946-55fe-484a-93bc-be45ff50d29d,REQUEST,Diesel,3,160,1
2028-09-25,3348f946-55fe-484a-93bc-be45ff50d29d,REQUEST,Diesel,3,160,1
2028-09-25,3e8085a3-794c-4976-8f38-593a14313854,REQUEST,Diesel,3,160,1
2028-09-25,3e8085a3-794c-4976-8f38-593a14313854,REQUEST,Drone Parts,1,154,1
2028-09-25,f92a03f1-fed0-4d97-8bb6-117d11c5227b,REQUEST,Rubber Duckies,5,64,1
2028-09-25,9e727f49-8c37-45a5-89b6-4cc60e7647f3,REQUEST,Petrol,3,153,1
2028-09-25,f92a03f1-fed0-4d97-8bb6-117d11c5227b,REQUEST,Petrol,3,153,1
2028-09-25,fdf9982d-cd3a-4205-94b9-f44f4192f821,REQUEST,Petrol,3,153,1
2028-09-25,f92a03f1-fed0-4d97-8bb6-117d11c5227b,REQUEST,Drone Parts,1,152,1
2028-09-25,f92a03f1-fed0-4d97-8bb6-117d11c5227b,REQUEST,Drone Parts,1,152,1
2028-09-25,3348f946-55fe-484a-93bc-be45ff50d29d,REQUEST,Diesel,3,150,1
2028-09-25,9e727f49-8c37-45a5-89b6-4cc60e7647f3,REQUEST,Drilling Equipment,1,150,1
2028-09-25,3e8085a3-794c-4976-8f38-593a14313854,REQUEST,Diesel,3,149,1
2028-09-25,dff86194-0590-4016-b794-0ab8d962a938,REQUEST,Drone Parts,1,149,1
2028-09-25,3348f946-55fe-484a-93bc-be45ff50d29d,REQUEST,Diesel,3,149,1
2028-09-25,fdf9982d-cd3a-4205-94b9-f44f4192f821,REQUEST,Diesel,3,146,1
2028-09-25,0a0246be-648a-4b22-883b-7bea76537dcc,REQUEST,Diesel,3,145,1
2028-09-25,df8d41a4-2bf4-4bf8-aa62-3695f8126804,REQUEST,Drone Parts,1,144,1
2028-09-25,df8d41a4-2bf4-4bf8-aa62-3695f8126804,REQUEST,Drilling Equipment,1,144,1
2028-09-25,d8a38737-50f7-4c47-a086-09d5e79f8ccb,REQUEST,Workshop Tools,2,287,1
2028-09-25,b544defa-b8fa-4130-9f14-65cbde5b3ad4,REQUEST,Pulley,2,94,1
2028-09-25,0a0246be-648a-4b22-883b-7bea76537dcc,REQUEST,Diesel,3,136,1
2028-09-25,d8a38737-50f7-4c47-a086-09d5e79f8ccb,REQUEST,Diesel,3,136,1
2028-09-25,df8d41a4-2bf4-4bf8-aa62-3695f8126804,REQUEST,Radio Equipment,4,271,1
2028-09-25,dff86194-0590-4016-b794-0ab8d962a938,REQUEST,Rubber Duckies,4,45,1
2028-09-25,d8a38737-50f7-4c47-a086-09d5e79f8ccb,REQUEST,Diesel,3,135,1
2028-09-25,0a0246be-648a-4b22-883b-7bea76537dcc,REQUEST,Rubber Duckies,4,45,1
2028-09-25,0a0246be-648a-4b22-883b-7bea76537dcc,REQUEST,Diesel,3,133,1
2028-09-25,b544defa-b8fa-4130-9f14-65cbde5b3ad4,REQUEST,Pistol Parts,2,266,1
2028-09-25,fdf9982d-cd3a-4205-94b9-f44f4192f821,REQUEST,Petrol,5,221,1
2028-09-25,b544defa-b8fa-4130-9f14-65cbde5b3ad4,REQUEST,Pistol Parts,2,265,1
2028-09-25,7da4a39f-dd65-41d9-8e0e-b3587ab72789,REQUEST,Petrol,4,175,1
2028-09-25,3e8085a3-794c-4976-8f38-593a14313854,REQUEST,Workshop Tools,2,259,1
2028-09-25,b544defa-b8fa-4130-9f14-65cbde5b3ad4,REQUEST,Pistol Parts,2,259,1
2028-09-25,7da4a39f-dd65-41d9-8e0e-b3587ab72789,REQUEST,Diesel,3,129,1
2028-09-25,1d1b9464-d1ab-4050-8352-868cfcf33c19,REQUEST,Hygiene Packs,4,86,1
2028-09-25,3348f946-55fe-484a-93bc-be45ff50d29d,REQUEST,Pistol Parts,2,252,1
2028-09-25,d8a38737-50f7-4c47-a086-09d5e79f8ccb,REQUEST,Cobalt,1,42,1
2028-09-25,7da4a39f-dd65-41d9-8e0e-b3587ab72789,REQUEST,Radio Equipment,4,252,1
2028-09-25,0a0246be-648a-4b22-883b-7bea76537dcc,REQUEST,Drilling Equipment,1,126,1
2028-09-25,0a0246be-648a-4b22-883b-7bea76537dcc,REQUEST,Radio Equipment,4,252,1
2028-09-25,dff86194-0590-4016-b794-0ab8d962a938,REQUEST,Drilling Equipment,1,126,1
2028-09-25,0a0246be-648a-4b22-883b-7bea76537dcc,REQUEST,Rope,2,83,1
2028-09-25,3e8085a3-794c-4976-8f38-593a14313854,REQUEST,Pistol Parts,2,248,1
2028-09-25,0a0246be-648a-4b22-883b-7bea76537dcc,REQUEST,Pulley,2,81,1
2028-09-25,3348f946-55fe-484a-93bc-be45ff50d29d,REQUEST,Diesel,4,159,1
2028-09-25,1d1b9464-d1ab-4050-8352-868cfcf33c19,REQUEST,Cobalt,1,39,1
2028-09-25,0a0246be-648a-4b22-883b-7bea76537dcc,REQUEST,Diesel,3,117,1
2028-09-25,3e8085a3-794c-4976-8f38-593a14313854,REQUEST,Diesel,4,155,1
2028-09-25,f92a03f1-fed0-4d97-8bb6-117d11c5227b,REQUEST,Fat Rations,3,29,1
2028-09-25,df8d41a4-2bf4-4bf8-aa62-3695f8126804,REQUEST,Fat Rations,3,29,1
2028-09-25,fdf9982d-cd3a-4205-94b9-f44f4192f821,REQUEST,Diesel,3,115,1
2028-09-25,0a0246be-648a-4b22-883b-7bea76537dcc,REQUEST,Cobalt,1,38,1
2028-09-25,3e8085a3-794c-4976-8f38-593a14313854,REQUEST,Diesel,4,152,1
2028-09-25,3e8085a3-794c-4976-8f38-593a14313854,REQUEST,Nickel,1,37,1
2028-09-25,3348f946-55fe-484a-93bc-be45ff50d29d,REQUEST,Hygiene Packs,6,110,1
2028-09-25,7da4a39f-dd65-41d9-8e0e-b3587ab72789,REQUEST,Radio Equipment,7,383,1
2028-09-25,fdf9982d-cd3a-4205-94b9-f44f4192f821,REQUEST,Fat Rations,3,27,1
2028-09-25,0a0246be-648a-4b22-883b-7bea76537dcc,EXCESS,Rubbing Alcohol,1,128,1
2028-09-25,0a0246be-648a-4b22-883b-7bea76537dcc,EXCESS,Rubbing Alcohol,1,123,1
2028-09-25,464bc3d2-1fd2-441f-83b3-db126ef53625,REQUEST,Tequila,1,1312,2
2028-09-25,2b304d56-7f39-4a94-bb54-5448f03e0a4b,REQUEST,Tequila,1,1238,2
2028-09-25,32f1c49a-5c3f-42e7-8011-397bc5e61ddd,REQUEST,Tequila,1,1040,2
2028-09-25,e1433c35-0236-4958-af1d-9831e675efdf,REQUEST,Tequila,1,968,2
2028-09-25,8296373a-bbdf-4523-b846-f5b64b7a5c12,REQUEST,Tequila,1,945,2
2028-09-25,464bc3d2-1fd2-441f-83b3-db126ef53625,REQUEST,Medikit,1,466,2
2028-09-25,bd68ffbc-02be-4b9e-82f6-24252f3f9594,REQUEST,Tequila,1,926,2
2028-09-25,8296373a-bbdf-4523-b846-f5b64b7a5c12,REQUEST,Medikit,1,450,2
2028-09-25,8296373a-bbdf-4523-b846-f5b64b7a5c12,REQUEST,Medikit,1,449,2
2028-09-25,8296373a-bbdf-4523-b846-f5b64b7a5c12,REQUEST,Tequila,1,867,2
2028-09-25,daf774d7-9920-4449-9c70-f2e2ce78869c,REQUEST,Tequila,1,850,2
2028-09-25,f244c7b7-2d4b-4b60-9d75-50473fc68d46,REQUEST,Medikit,1,425,2
2028-09-25,2b304d56-7f39-4a94-bb54-5448f03e0a4b,REQUEST,Medikit,1,408,2
2028-09-25,daf774d7-9920-4449-9c70-f2e2ce78869c,REQUEST,Medikit,1,405,2
2028-09-25,fce783c8-d09c-4966-ac90-cb0eace4f467,REQUEST,Medikit,1,384,2
2028-09-25,15d2f625-e525-4650-aa78-399c6e733d56,REQUEST,Medikit,1,381,2
2028-09-25,8296373a-bbdf-4523-b846-f5b64b7a5c12,REQUEST,Medikit,1,373,2
2028-09-25,15d2f625-e525-4650-aa78-399c6e733d56,REQUEST,Medikit,1,372,2
2028-09-25,8296373a-bbdf-4523-b846-f5b64b7a5c12,REQUEST,Medikit,1,371,2
2028-09-25,daf774d7-9920-4449-9c70-f2e2ce78869c,REQUEST,Rubbing Alcohol,1,139,2
2028-09-25,8296373a-bbdf-4523-b846-f5b64b7a5c12,REQUEST,Rubbing Alcohol,1,138,2
2028-09-25,8296373a-bbdf-4523-b846-f5b64b7a5c12,REQUEST,Rubbing Alcohol,1,137,2
2028-09-25,2b304d56-7f39-4a94-bb54-5448f03e0a4b,REQUEST,Rubbing Alcohol,1,136,2
2028-09-25,f38fcb79-6c71-41e3-ba46-65622cde328b,REQUEST,Rubbing Alcohol,1,134,2
2028-09-25,fce783c8-d09c-4966-ac90-cb0eace4f467,REQUEST,Rubbing Alcohol,1,120,2
2028-09-25,bd68ffbc-02be-4b9e-82f6-24252f3f9594,REQUEST,Rubbing Alcohol,1,115,2
2028-09-25,15d2f625-e525-4650-aa78-399c6e733d56,REQUEST,Rubbing Alcohol,1,113,2
2028-09-25,15d2f625-e525-4650-aa78-399c6e733d56,REQUEST,Rubbing Alcohol,1,112,2
2028-09-25,15d2f625-e525-4650-aa78-399c6e733d56,REQUEST,Rubbing Alcohol,1,110,2
2028-09-25,2b304d56-7f39-4a94-bb54-5448f03e0a4b,REQUEST,Rubbing Alcohol,1,110,2
2028-09-25,8296373a-bbdf-4523-b846-f5b64b7a5c12,REQUEST,Rubbing Alcohol,1,108,2
2028-09-25,8296373a-bbdf-4523-b846-f5b64b7a5c12,REQUEST,Rubbing Alcohol,1,108,2
2028-09-25,2b304d56-7f39-4a94-bb54-5448f03e0a4b,REQUEST,Tequila,2,904,2
2028-09-25,f244c7b7-2d4b-4b60-9d75-50473fc68d46,REQUEST,Medikit,2,419,2
2028-09-25,15d2f625-e525-4650-aa78-399c6e733d56,REQUEST,Medikit,2,385,2
2028-09-25,e1433c35-0236-4958-af1d-9831e675efdf,REQUEST,Medikit,2,383,2
2028-09-25,f244c7b7-2d4b-4b60-9d75-50473fc68d46,REQUEST,Medikit,2,379,2
2028-09-25,464bc3d2-1fd2-441f-83b3-db126ef53625,REQUEST,Medikit,2,377,2
2028-09-25,f38fcb79-6c71-41e3-ba46-65622cde328b,REQUEST,Bandages,1,185,2
2028-09-25,32f1c49a-5c3f-42e7-8011-397bc5e61ddd,REQUEST,Bandages,1,182,2
2028-09-25,32f1c49a-5c3f-42e7-8011-397bc5e61ddd,REQUEST,Bandages,1,182,2
2028-09-25,8296373a-bbdf-4523-b846-f5b64b7a5c12,REQUEST,Medikit,2,360,2
2028-09-25,15d2f625-e525-4650-aa78-399c6e733d56,REQUEST,Bandages,1,161,2
2028-09-25,fce783c8-d09c-4966-ac90-cb0eace4f467,REQUEST,Bandages,1,154,2
2028-09-25,fce783c8-d09c-4966-ac90-cb0eace4f467,REQUEST,Bandages,1,150,2
2028-09-25,f244c7b7-2d4b-4b60-9d75-50473fc68d46,REQUEST,Rubbing Alcohol,2,117,2
2028-09-25,8296373a-bbdf-4523-b846-f5b64b7a5c12,REQUEST,Medikit,3,438,2
2028-09-25,e1433c35-0236-4958-af1d-9831e675efdf,REQUEST,Rubbing Alcohol,2,116,2
2028-09-25,8296373a-bbdf-4523-b846-f5b64b7a5c12,REQUEST,Medikit,3,420,2
2028-09-25,daf774d7-9920-4449-9c70-f2e2ce78869c,REQUEST,Medikit,3,417,2
2028-09-25,bd68ffbc-02be-4b9e-82f6-24252f3f9594,REQUEST,Rubbing Alcohol,2,108,2
2028-09-25,f244c7b7-2d4b-4b60-9d75-50473fc68d46,REQUEST,Medikit,3,398,2
2028-09-25,2b304d56-7f39-4a94-bb54-5448f03e0a4b,REQUEST,Medikit,3,381,2
2028-09-25,daf774d7-9920-4449-9c70-f2e2ce78869c,REQUEST,Medikit,3,375,2
2028-09-25,fce783c8-d09c-4966-ac90-cb0eace4f467,REQUEST,Medikit,3,366,2
2028-09-25,32f1c49a-5c3f-42e7-8011-397bc5e61ddd,REQUEST,Medikit,4,486,2
2028-09-25,15d2f625-e525-4650-aa78-399c6e733d56,REQUEST,Medikit,3,360,2
2028-09-25,32f1c49a-5c3f-42e7-8011-397bc5e61ddd,REQUEST,Medikit,4,476,2
2028-09-25,daf774d7-9920-4449-9c70-f2e2ce78869c,REQUEST,Rubbing Alcohol,3,138,2
2028-09-25,15d2f625-e525-4650-aa78-399c6e733d56,REQUEST,Experimental Weaponry,1,656,2
2028-09-25,32f1c49a-5c3f-42e7-8011-397bc5e61ddd,REQUEST,Tequila,4,866,2
2028-09-25,8296373a-bbdf-4523-b846-f5b64b7a5c12,REQUEST,Experimental Weaponry,1,632,2
2028-09-25,bd68ffbc-02be-4b9e-82f6-24252f3f9594,REQUEST,Medikit,4,414,2
2028-09-25,15d2f625-e525-4650-aa78-399c6e733d56,REQUEST,Medikit,4,401,2
2028-09-25,f38fcb79-6c71-41e3-ba46-65622cde328b,REQUEST,Experimental Weaponry,1,598,2
2028-09-25,f38fcb79-6c71-41e3-ba46-65622cde328b,REQUEST,Experimental Weaponry,1,593,2
2028-09-25,fce783c8-d09c-4966-ac90-cb0eace4f467,REQUEST,Experimental Weaponry,1,586,2
2028-09-25,15d2f625-e525-4650-aa78-399c6e733d56,REQUEST,Experimental Weaponry,1,585,2
2028-09-25,32f1c49a-5c3f-42e7-8011-397bc5e61ddd,REQUEST,Experimental Weaponry,1,584,2
2028-09-25,464bc3d2-1fd2-441f-83b3-db126ef53625,REQUEST,Medikit,4,382,2
2028-09-25,15d2f625-e525-4650-aa78-399c6e733d56,REQUEST,Experimental Weaponry,1,561,2
2028-09-25,f244c7b7-2d4b-4b60-9d75-50473fc68d46,REQUEST,Experimental Weaponry,1,558,2
2028-09-25,f38fcb79-6c71-41e3-ba46-65622cde328b,REQUEST,Experimental Weaponry,1,556,2
2028-09-25,15d2f625-e525-4650-aa78-399c6e733d56,REQUEST,Experimental Weaponry,1,551,2
2028-09-25,f38fcb79-6c71-41e3-ba46-65622cde328b,REQUEST,Experimental Weaponry,1,549,2
2028-09-25,15d2f625-e525-4650-aa78-399c6e733d56,REQUEST,Rubbing Alcohol,3,108,2
2028-09-25,fce783c8-d09c-4966-ac90-cb0eace4f467,REQUEST,Rubbing Alcohol,3,108,2
2028-09-25,e1433c35-0236-4958-af1d-9831e675efdf,REQUEST,Rubbing Alcohol,3,108,2
2028-09-25,f38fcb79-6c71-41e3-ba46-65622cde328b,REQUEST,Bandages,2,179,2
2028-09-25,bd68ffbc-02be-4b9e-82f6-24252f3f9594,REQUEST,Bandages,2,177,2
2028-09-25,15d2f625-e525-4650-aa78-399c6e733d56,REQUEST,Bandages,2,144,2
2028-09-25,e1433c35-0236-4958-af1d-9831e675efdf,REQUEST,Bandages,3,184,2
2028-09-25,e1433c35-0236-4958-af1d-9831e675efdf,REQUEST,Bandages,3,178,2
2028-09-25,15d2f625-e525-4650-aa78-399c6e733d56,REQUEST,Bandages,3,160,2
2028-09-25,32f1c49a-5c3f-42e7-8011-397bc5e61ddd,REQUEST,Medical Equipment,1,318,2
2028-09-25,464bc3d2-1fd2-441f-83b3-db126ef53625,REQUEST,Hygiene Packs,1,105,2
2028-09-25,f244c7b7-2d4b-4b60-9d75-50473fc68d46,REQUEST,Hygiene Packs,1,104,2
2028-09-25,8296373a-bbdf-4523-b846-f5b64b7a5c12,REQUEST,Medical Equipment,1,312,2
2028-09-25,8296373a-bbdf-4523-b846-f5b64b7a5c12,REQUEST,Hygiene Packs,1,103,2
2028-09-25,2b304d56-7f39-4a94-bb54-5448f03e0a4b,REQUEST,Hygiene Packs,1,102,2
2028-09-25,8296373a-bbdf-4523-b846-f5b64b7a5c12,REQUEST,Hygiene Packs,1,102,2
2028-09-25,fce783c8-d09c-4966-ac90-cb0eace4f467,REQUEST,Radio Equipment,1,303,2
2028-09-25,8296373a-bbdf-4523-b846-f5b64b7a5c12,REQUEST,Hygiene Packs,1,100,2
2028-09-25,32f1c49a-5c3f-42e7-8011-397bc5e61ddd,REQUEST,Radio Equipment,1,292,2
2028-09-25,8296373a-bbdf-4523-b846-f5b64b7a5c12,REQUEST,Radio Equipment,1,289,2
2028-09-25,fce783c8-d09c-4966-ac90-cb0eace4f467,REQUEST,Experimental Weaponry,2,578,2
2028-09-25,464bc3d2-1fd2-441f-83b3-db126ef53625,REQUEST,Radio Equipment,1,289,2
2028-09-25,fce783c8-d09c-4966-ac90-cb0eace4f467,REQUEST,Experimental Weaponry,2,577,2
2028-09-25,f38fcb79-6c71-41e3-ba46-65622cde328b,REQUEST,Radio Equipment,1,287,2
2028-09-25,bd68ffbc-02be-4b9e-82f6-24252f3f9594,REQUEST,Radio Equipment,1,286,2
2028-09-25,f244c7b7-2d4b-4b60-9d75-50473fc68d46,REQUEST,Radio Equipment,1,285,2
2028-09-25,fce783c8-d09c-4966-ac90-cb0eace4f467,REQUEST,Experimental Weaponry,2,568,2
2028-09-25,f38fcb79-6c71-41e3-ba46-65622cde328b,REQUEST,Radio Equipment,1,283,2
2028-09-25,8296373a-bbdf-4523-b846-f5b64b7a5c12,REQUEST,Radio Equipment,1,274,2
2028-09-25,fce783c8-d09c-4966-ac90-cb0eace4f467,REQUEST,Medical Equipment,1,273,2
2028-09-25,f38fcb79-6c71-41e3-ba46-65622cde328b,REQUEST,Radio Equipment,1,273,2
2028-09-25,8296373a-bbdf-4523-b846-f5b64b7a5c12,REQUEST,Radio Equipment,1,273,2
2028-09-25,15d2f625-e525-4650-aa78-399c6e733d56,REQUEST,Radio Equipment,1,271,2
2028-09-25,15d2f625-e525-4650-aa78-399c6e733d56,REQUEST,Medical Equipment,1,270,2
2028-09-25,464bc3d2-1fd2-441f-83b3-db126ef53625,REQUEST,Medical Equipment,1,270,2
2028-09-25,e1433c35-0236-4958-af1d-9831e675efdf,REQUEST,Medical Equipment,1,270,2
2028-09-25,bd68ffbc-02be-4b9e-82f6-24252f3f9594,REQUEST,Medical Equipment,1,270,2
2028-09-25,daf774d7-9920-4449-9c70-f2e2ce78869c,REQUEST,Radio Equipment,1,268,2
2028-09-25,daf774d7-9920-4449-9c70-f2e2ce78869c,REQUEST,Radio Equipment,1,267,2
2028-09-25,464bc3d2-1fd2-441f-83b3-db126ef53625,REQUEST,Hygiene Packs,1,89,2
2028-09-25,daf774d7-9920-4449-9c70-f2e2ce78869c,REQUEST,Radio Equipment,1,265,2
2028-09-25,15d2f625-e525-4650-aa78-399c6e733d56,REQUEST,Hygiene Packs,1,88,2
2028-09-25,f38fcb79-6c71-41e3-ba46-65622cde328b,REQUEST,Hygiene Packs,1,88,2
2028-09-25,daf774d7-9920-4449-9c70-f2e2ce78869c,REQUEST,Experimental Weaponry,3,787,2
2028-09-25,daf774d7-9920-4449-9c70-f2e2ce78869c,REQUEST,Hygiene Packs,1,87,2
2028-09-25,bd68ffbc-02be-4b9e-82f6-24252f3f9594,REQUEST,Hygiene Packs,1,87,2
2028-09-25,fce783c8-d09c-4966-ac90-cb0eace4f467,REQUEST,Hygiene Packs,1,87,2
2028-09-25,bd68ffbc-02be-4b9e-82f6-24252f3f9594,REQUEST,Radio Equipment,1,258,2
2028-09-25,2b304d56-7f39-4a94-bb54-5448f03e0a4b,REQUEST,Hygiene Packs,1,86,2
2028-09-25,e1433c35-0236-4958-af1d-9831e675efdf,REQUEST,Hygiene Packs,1,86,2
2028-09-25,8296373a-bbdf-4523-b846-f5b64b7a5c12,REQUEST,Hygiene Packs,1,85,2
2028-09-25,daf774d7-9920-4449-9c70-f2e2ce78869c,REQUEST,Hygiene Packs,1,84,2
2028-09-25,15d2f625-e525-4650-aa78-399c6e733d56,REQUEST,Hygiene Packs,1,84,2
2028-09-25,daf774d7-9920-4449-9c70-f2e2ce78869c,REQUEST,Bandages,4,166,2
2028-09-25,bd68ffbc-02be-4b9e-82f6-24252f3f9594,REQUEST,Hygiene Packs,1,83,2
2028-09-25,464bc3d2-1fd2-441f-83b3-db126ef53625,REQUEST,Hygiene Packs,1,81,2
2028-09-25,464bc3d2-1fd2-441f-83b3-db126ef53625,REQUEST,Bandages,5,189,2
2028-09-25,2b304d56-7f39-4a94-bb54-5448f03e0a4b,REQUEST,Bandages,5,184,2
2028-09-25,bd68ffbc-02be-4b9e-82f6-24252f3f9594,REQUEST,Bandages,4,144,2
2028-09-25,daf774d7-9920-4449-9c70-f2e2ce78869c,REQUEST,Bandages,4,144,2
2028-09-25,e1433c35-0236-4958-af1d-9831e675efdf,REQUEST,Bandages,4,144,2
2028-09-25,8296373a-bbdf-4523-b846-f5b64b7a5c12,REQUEST,Experimental Weaponry,3,647,2
2028-09-25,bd68ffbc-02be-4b9e-82f6-24252f3f9594,REQUEST,Diesel,1,133,2
2028-09-25,32f1c49a-5c3f-42e7-8011-397bc5e61ddd,REQUEST,Experimental Weaponry,3,597,2
2028-09-25,fce783c8-d09c-4966-ac90-cb0eace4f467,REQUEST,Experimental Weaponry,3,591,2
2028-09-25,f38fcb79-6c71-41e3-ba46-65622cde328b,REQUEST,Experimental Weaponry,3,588,2
2028-09-25,e1433c35-0236-4958-af1d-9831e675efdf,REQUEST,Bandages,5,156,2
2028-09-25,8296373a-bbdf-4523-b846-f5b64b7a5c12,REQUEST,Diesel,1,122,2
2028-09-25,32f1c49a-5c3f-42e7-8011-397bc5e61ddd,REQUEST,Bandages,5,150,2
2028-09-25,15d2f625-e525-4650-aa78-399c6e733d56,REQUEST,Diesel,1,117,2
2028-09-25,bd68ffbc-02be-4b9e-82f6-24252f3f9594,REQUEST,Diesel,1,117,2
2028-09-25,464bc3d2-1fd2-441f-83b3-db126ef53625,REQUEST,Bandages,5,144,2
2028-09-25,f38fcb79-6c71-41e3-ba46-65622cde328b,REQUEST,Bandages,6,171,2
2028-09-25,f244c7b7-2d4b-4b60-9d75-50473fc68d46,REQUEST,Experimental Weaponry,4,668,2
2028-09-25,f38fcb79-6c71-41e3-ba46-65622cde328b,REQUEST,Fat Rations,1,27,2
2028-09-25,2b304d56-7f39-4a94-bb54-5448f03e0a4b,REQUEST,Pulley,1,105,2
2028-09-25,f38fcb79-6c71-41e3-ba46-65622cde328b,REQUEST,Pulley,1,103,2
2028-09-25,bd68ffbc-02be-4b9e-82f6-24252f3f9594,REQUEST,Pulley,1,100,2
2028-09-25,bd68ffbc-02be-4b9e-82f6-24252f3f9594,REQUEST,Radio Equipment,2,294,2
2028-09-25,fce783c8-d09c-4966-ac90-cb0eace4f467,REQUEST,Pulley,1,97,2
2028-09-25,fce783c8-d09c-4966-ac90-cb0eace4f467,REQUEST,Pulley,1,97,2
2028-09-25,15d2f625-e525-4650-aa78-399c6e733d56,REQUEST,Radio Equipment,2,291,2
2028-09-25,f244c7b7-2d4b-4b60-9d75-50473fc68d46,REQUEST,Pulley,1,96,2
2028-09-25,32f1c49a-5c3f-42e7-8011-397bc5e61ddd,REQUEST,Hygiene Packs,2,94,2
2028-09-25,daf774d7-9920-4449-9c70-f2e2ce78869c,REQUEST,Makeshift Explosives,1,185,2
2028-09-25,464bc3d2-1fd2-441f-83b3-db126ef53625,REQUEST,Radio Equipment,2,272,2
2028-09-25,32f1c49a-5c3f-42e7-8011-397bc5e61ddd,REQUEST,Hygiene Packs,2,90,2
2028-09-25,bd68ffbc-02be-4b9e-82f6-24252f3f9594,REQUEST,Makeshift Explosives,1,179,2
2028-09-25,15d2f625-e525-4650-aa78-399c6e733d56,REQUEST,Radio Equipment,2,268,2
2028-09-25,e1433c35-0236-4958-af1d-9831e675efdf,REQUEST,Makeshift Explosives,1,178,2
2028-09-25,464bc3d2-1fd2-441f-83b3-db126ef53625,REQUEST,Radio Equipment,2,265,2
2028-09-25,8296373a-bbdf-4523-b846-f5b64b7a5c12,REQUEST,Protein Rations,1,44,2
2028-09-25,2b304d56-7f39-4a94-bb54-5448f03e0a4b,REQUEST,Hygiene Packs,2,88,2
2028-09-25,fce783c8-d09c-4966-ac90-cb0eace4f467,REQUEST,Pulley,1,88,2
2028-09-25,2b304d56-7f39-4a94-bb54-5448f03e0a4b,REQUEST,Riot Equipment,1,527,2
2028-09-25,8296373a-bbdf-4523-b846-f5b64b7a5c12,REQUEST,Radio Equipment,2,263,2
2028-09-25,32f1c49a-5c3f-42e7-8011-397bc5e61ddd,REQUEST,Petrol,2,173,2
2028-09-25,15d2f625-e525-4650-aa78-399c6e733d56,REQUEST,Pulley,1,86,2
2028-09-25,fce783c8-d09c-4966-ac90-cb0eace4f467,REQUEST,Pistol Parts,1,256,2
2028-09-25,f244c7b7-2d4b-4b60-9d75-50473fc68d46,REQUEST,Hygiene Packs,2,85,2
2028-09-25,464bc3d2-1fd2-441f-83b3-db126ef53625,REQUEST,Pulley,1,85,2
2028-09-25,f244c7b7-2d4b-4b60-9d75-50473fc68d46,REQUEST,Radio Equipment,2,254,2
2028-09-25,f38fcb79-6c71-41e3-ba46-65622cde328b,REQUEST,Radio Equipment,2,252,2
2028-09-25,f244c7b7-2d4b-4b60-9d75-50473fc68d46,REQUEST,Pistol Parts,1,251,2
2028-09-25,fce783c8-d09c-4966-ac90-cb0eace4f467,REQUEST,Pulley,1,83,2
2028-09-25,464bc3d2-1fd2-441f-83b3-db126ef53625,REQUEST,Riot Equipment,1,492,2
2028-09-25,32f1c49a-5c3f-42e7-8011-397bc5e61ddd,REQUEST,Pulley,1,81,2
2028-09-25,bd68ffbc-02be-4b9e-82f6-24252f3f9594,REQUEST,Rope,1,81,2
2028-09-25,f38fcb79-6c71-41e3-ba46-65622cde328b,REQUEST,Hygiene Packs,2,81,2
2028-09-25,f38fcb79-6c71-41e3-ba46-65622cde328b,REQUEST,Pulley,1,81,2
2028-09-25,fce783c8-d09c-4966-ac90-cb0eace4f467,REQUEST,Pulley,1,81,2
2028-09-25,f244c7b7-2d4b-4b60-9d75-50473fc68d46,REQUEST,Rope,1,79,2
2028-09-25,daf774d7-9920-4449-9c70-f2e2ce78869c,REQUEST,Riot Equipment,1,472,2
2028-09-25,daf774d7-9920-4449-9c70-f2e2ce78869c,REQUEST,Rope,1,77,2
2028-09-25,15d2f625-e525-4650-aa78-399c6e733d56,REQUEST,Pistol Parts,1,231,2
2028-09-25,8296373a-bbdf-4523-b846-f5b64b7a5c12,REQUEST,Riot Equipment,1,443,2
2028-09-25,e1433c35-0236-4958-af1d-9831e675efdf,REQUEST,Pistol Parts,1,221,2
2028-09-25,32f1c49a-5c3f-42e7-8011-397bc5e61ddd,REQUEST,Workshop Tools,1,220,2
2028-09-25,bd68ffbc-02be-4b9e-82f6-24252f3f9594,REQUEST,Pistol Parts,1,216,2
2028-09-25,32f1c49a-5c3f-42e7-8011-397bc5e61ddd,REQUEST,Pistol Parts,1,216,2
2028-09-25,f244c7b7-2d4b-4b60-9d75-50473fc68d46,REQUEST,Pistol Parts,1,216,2
2028-09-25,daf774d7-9920-4449-9c70-f2e2ce78869c,REQUEST,Protein Rations,1,36,2
2028-09-25,f244c7b7-2d4b-4b60-9d75-50473fc68d46,REQUEST,Riot Equipment,1,426,2
2028-09-25,8296373a-bbdf-4523-b846-f5b64b7a5c12,REQUEST,Riot Equipment,1,426,2
2028-09-25,f244c7b7-2d4b-4b60-9d75-50473fc68d46,REQUEST,Riot Equipment,1,423,2
2028-09-25,f244c7b7-2d4b-4b60-9d75-50473fc68d46,REQUEST,Riot Equipment,1,420,2
2028-09-25,f244c7b7-2d4b-4b60-9d75-50473fc68d46,REQUEST,Riot Equipment,1,420,2
2028-09-25,bd68ffbc-02be-4b9e-82f6-24252f3f9594,REQUEST,Riot Equipment,1,419,2
2028-09-25,bd68ffbc-02be-4b9e-82f6-24252f3f9594,REQUEST,Riot Equipment,1,417,2
2028-09-25,8296373a-bbdf-4523-b846-f5b64b7a5c12,REQUEST,Workshop Tools,1,208,2
2028-09-25,bd68ffbc-02be-4b9e-82f6-24252f3f9594,REQUEST,Riot Equipment,1,416,2
2028-09-25,8296373a-bbdf-4523-b846-f5b64b7a5c12,REQUEST,Riot Equipment,1,416,2
2028-09-25,8296373a-bbdf-4523-b846-f5b64b7a5c12,REQUEST,Riot Equipment,1,413,2
2028-09-25,8296373a-bbdf-4523-b846-f5b64b7a5c12,REQUEST,Riot Equipment,1,413,2
2028-09-25,bd68ffbc-02be-4b9e-82f6-24252f3f9594,REQUEST,Riot Equipment,1,411,2
2028-09-25,bd68ffbc-02be-4b9e-82f6-24252f3f9594,REQUEST,Riot Equipment,1,410,2
2028-09-25,f38fcb79-6c71-41e3-ba46-65622cde328b,REQUEST,Radio Equipment,3,306,2
2028-09-25,8296373a-bbdf-4523-b846-f5b64b7a5c12,REQUEST,Riot Equipment,1,407,2
2028-09-25,f244c7b7-2d4b-4b60-9d75-50473fc68d46,REQUEST,Riot Equipment,1,406,2
2028-09-25,8296373a-bbdf-4523-b846-f5b64b7a5c12,REQUEST,Riot Equipment,1,405,2
2028-09-25,8296373a-bbdf-4523-b846-f5b64b7a5c12,REQUEST,Hygiene Packs,3,101,2
2028-09-25,8296373a-bbdf-4523-b846-f5b64b7a5c12,REQUEST,Riot Equipment,1,404,2
2028-09-25,15d2f625-e525-4650-aa78-399c6e733d56,REQUEST,Climbing Equipment,1,134,2
2028-09-25,8296373a-bbdf-4523-b846-f5b64b7a5c12,REQUEST,Riot Equipment,1,399,2
2028-09-25,e1433c35-0236-4958-af1d-9831e675efdf,REQUEST,Workshop Tools,1,199,2
2028-09-25,daf774d7-9920-4449-9c70-f2e2ce78869c,REQUEST,Riot Equipment,1,396,2
2028-09-25,bd68ffbc-02be-4b9e-82f6-24252f3f9594,REQUEST,Riot Equipment,1,396,2
2028-09-25,f38fcb79-6c71-41e3-ba46-65622cde328b,REQUEST,Hygiene Packs,3,99,2
2028-09-25,bd68ffbc-02be-4b9e-82f6-24252f3f9594,REQUEST,Rope,1,66,2
2028-09-25,daf774d7-9920-4449-9c70-f2e2ce78869c,REQUEST,Workshop Tools,1,196,2
2028-09-25,2b304d56-7f39-4a94-bb54-5448f03e0a4b,REQUEST,Radio Equipment,3,294,2
2028-09-25,15d2f625-e525-4650-aa78-399c6e733d56,REQUEST,Rope,1,65,2
2028-09-25,fce783c8-d09c-4966-ac90-cb0eace4f467,REQUEST,Rope,1,65,2
2028-09-25,f244c7b7-2d4b-4b60-9d75-50473fc68d46,REQUEST,Radio Equipment,3,286,2
2028-09-25,bd68ffbc-02be-4b9e-82f6-24252f3f9594,REQUEST,Climbing Equipment,1,126,2
2028-09-25,32f1c49a-5c3f-42e7-8011-397bc5e61ddd,REQUEST,Hygiene Packs,3,93,2
2028-09-25,e1433c35-0236-4958-af1d-9831e675efdf,REQUEST,Workshop Tools,1,180,2
2028-09-25,2b304d56-7f39-4a94-bb54-5448f03e0a4b,REQUEST,Workshop Tools,1,180,2
2028-09-25,2b304d56-7f39-4a94-bb54-5448f03e0a4b,REQUEST,Radio Equipment,3,270,2
2028-09-25,2b304d56-7f39-4a94-bb54-5448f03e0a4b,REQUEST,Radio Equipment,3,267,2
2028-09-25,2b304d56-7f39-4a94-bb54-5448f03e0a4b,REQUEST,Hygiene Packs,3,89,2
2028-09-25,464bc3d2-1fd2-441f-83b3-db126ef53625,REQUEST,Drone Parts,1,177,2
2028-09-25,bd68ffbc-02be-4b9e-82f6-24252f3f9594,REQUEST,Radio Equipment,3,265,2
2028-09-25,f38fcb79-6c71-41e3-ba46-65622cde328b,REQUEST,Diesel,2,117,2
2028-09-25,15d2f625-e525-4650-aa78-399c6e733d56,REQUEST,Drone Parts,1,171,2
2028-09-25,f38fcb79-6c71-41e3-ba46-65622cde328b,REQUEST,Radio Equipment,3,252,2
2028-09-25,daf774d7-9920-4449-9c70-f2e2ce78869c,REQUEST,Drone Parts,1,163,2
2028-09-25,f244c7b7-2d4b-4b60-9d75-50473fc68d46,REQUEST,Diesel,3,161,2
2028-09-25,bd68ffbc-02be-4b9e-82f6-24252f3f9594,REQUEST,Rubber Duckies,4,53,2
2028-09-25,15d2f625-e525-4650-aa78-399c6e733d56,REQUEST,Drone Parts,1,158,2
2028-09-25,15d2f625-e525-4650-aa78-399c6e733d56,REQUEST,Drone Parts,1,158,2
2028-09-25,f38fcb79-6c71-41e3-ba46-65622cde328b,REQUEST,Petrol,3,153,2
2028-09-25,2b304d56-7f39-4a94-bb54-5448f03e0a4b,REQUEST,Pistol Parts,2,305,2
2028-09-25,2b304d56-7f39-4a94-bb54-5448f03e0a4b,REQUEST,Petrol,4,203,2
2028-09-25,2b304d56-7f39-4a94-bb54-5448f03e0a4b,REQUEST,Drilling Equipment,1,150,2
2028-09-25,f244c7b7-2d4b-4b60-9d75-50473fc68d46,REQUEST,Hygiene Packs,4,100,2
2028-09-25,15d2f625-e525-4650-aa78-399c6e733d56,REQUEST,Drilling Equipment,1,148,2
2028-09-25,15d2f625-e525-4650-aa78-399c6e733d56,REQUEST,Drone Parts,1,146,2
2028-09-25,e1433c35-0236-4958-af1d-9831e675efdf,REQUEST,Drone Parts,1,144,2
2028-09-25,f38fcb79-6c71-41e3-ba46-65622cde328b,REQUEST,Drilling Equipment,1,144,2
2028-09-25,daf774d7-9920-4449-9c70-f2e2ce78869c,REQUEST,Drone Parts,1,144,2
2028-09-25,f244c7b7-2d4b-4b60-9d75-50473fc68d46,REQUEST,Radio Equipment,4,287,2
2028-09-25,f38fcb79-6c71-41e3-ba46-65622cde328b,REQUEST,Pulley,2,94,2
2028-09-25,f244c7b7-2d4b-4b60-9d75-50473fc68d46,REQUEST,Drilling Equipment,1,141,2
2028-09-25,32f1c49a-5c3f-42e7-8011-397bc5e61ddd,REQUEST,Drilling Equipment,1,136,2
2028-09-25,daf774d7-9920-4449-9c70-f2e2ce78869c,REQUEST,Rubber Duckies,4,45,2
2028-09-25,bd68ffbc-02be-4b9e-82f6-24252f3f9594,REQUEST,Rubber Duckies,5,53,2
2028-09-25,daf774d7-9920-4449-9c70-f2e2ce78869c,REQUEST,Carbohydrate Rations,1,11,2
2028-09-25,464bc3d2-1fd2-441f-83b3-db126ef53625,EXCESS,Rubbing Alcohol,1,137,2
2028-09-25,cb2b713c-df29-493c-905f-e648e7bb7dd2,REQUEST,Tequila,1,1093,3
2028-09-25,bbbb3f47-adcc-4643-9e93-edcc1972019b,REQUEST,Tequila,1,1010,3
2028-09-25,1bc04fac-a6c3-43fa-8106-86022b5fb480,REQUEST,Tequila,1,974,3
2028-09-25,1bc04fac-a6c3-43fa-8106-86022b5fb480,REQUEST,Tequila,1,971,3
2028-09-25,e40d342c-6182-4b1b-a29e-0bed2a047d50,REQUEST,Tequila,1,917,3
2028-09-25,cb2b713c-df29-493c-905f-e648e7bb7dd2,REQUEST,Tequila,1,888,3
2028-09-25,1bc04fac-a6c3-43fa-8106-86022b5fb480,REQUEST,Medikit,1,429,3
2028-09-25,90b7f288-3673-4aba-b77d-2c85b815287d,REQUEST,Medikit,1,415,3
2028-09-25,cab7e525-1e06-4660-9baf-3bccb5a97ce2,REQUEST,Tequila,1,810,3
2028-09-25,1b13c7f6-c8ba-42b9-a309-5cab3c06806c,REQUEST,Tequila,1,806,3
2028-09-25,e8168689-dcb9-4476-9ca4-5684b632ba41,REQUEST,Tequila,1,805,3
2028-09-25,e40d342c-6182-4b1b-a29e-0bed2a047d50,REQUEST,Rubbing Alcohol,1,159,3
2028-09-25,90b7f288-3673-4aba-b77d-2c85b815287d,REQUEST,Medikit,1,388,3
2028-09-25,0416cbf5-6d56-4b6e-a802-0c41d09bba82,REQUEST,Medikit,1,388,3
2028-09-25,f5756d16-a059-4107-b5f6-a4bedc19ea83,REQUEST,Medikit,1,379,3
2028-09-25,e8168689-dcb9-4476-9ca4-5684b632ba41,REQUEST,Medikit,1,379,3
2028-09-25,90b7f288-3673-4aba-b77d-2c85b815287d,REQUEST,Medikit,1,377,3
2028-09-25,0416cbf5-6d56-4b6e-a802-0c41d09bba82,REQUEST,Medikit,1,375,3
2028-09-25,1b13c7f6-c8ba-42b9-a309-5cab3c06806c,REQUEST,Medikit,1,374,3
2028-09-25,4219f1e9-ae66-4c47-bb3a-631507f123b7,REQUEST,Medikit,1,374,3
2028-09-25,1b13c7f6-c8ba-42b9-a309-5cab3c06806c,REQUEST,Medikit,1,370,3
2028-09-25,1b13c7f6-c8ba-42b9-a309-5cab3c06806c,REQUEST,Medikit,1,366,3
2028-09-25,cab7e525-1e06-4660-9baf-3bccb5a97ce2,REQUEST,Medikit,1,360,3
2028-09-25,cab7e525-1e06-4660-9baf-3bccb5a97ce2,REQUEST,Medikit,1,358,3
2028-09-25,e40d342c-6182-4b1b-a29e-0bed2a047d50,REQUEST,Rubbing Alcohol,1,131,3
2028-09-25,cb2b713c-df29-493c-905f-e648e7bb7dd2,REQUEST,Rubbing Alcohol,1,129,3
2028-09-25,f8566df4-411e-4458-8b01-138d7b5dd1d8,REQUEST,Rubbing Alcohol,1,127,3
2028-09-25,496ba944-754d-4449-bc94-94a75c88c755,REQUEST,Rubbing Alcohol,1,127,3
2028-09-25,4219f1e9-ae66-4c47-bb3a-631507f123b7,REQUEST,Rubbing Alcohol,1,126,3
2028-09-25,bbbb3f47-adcc-4643-9e93-edcc1972019b,REQUEST,Rubbing Alcohol,1,113,3
2028-09-25,dc5a866a-21c8-4a34-aa4d-e71b66c95880,REQUEST,Tequila,2,1127,3
2028-09-25,b30ee063-8d91-49f1-ae65-faf378459d95,REQUEST,Rubbing Alcohol,1,111,3
2028-09-25,e40d342c-6182-4b1b-a29e-0bed2a047d50,REQUEST,Medikit,2,552,3
2028-09-25,c8058c8b-31da-4834-a2e5-5119d05f2d4c,REQUEST,Rubbing Alcohol,1,108,3
2028-09-25,90b7f288-3673-4aba-b77d-2c85b815287d,REQUEST,Rubbing Alcohol,1,108,3
2028-09-25,496ba944-754d-4449-bc94-94a75c88c755,REQUEST,Medikit,2,420,3
2028-09-25,cab7e525-1e06-4660-9baf-3bccb5a97ce2,REQUEST,Medikit,2,420,3
2028-09-25,1bc04fac-a6c3-43fa-8106-86022b5fb480,REQUEST,Bandages,1,192,3
2028-09-25,cb2b713c-df29-493c-905f-e648e7bb7dd2,REQUEST,Medikit,2,380,3
2028-09-25,dc5a866a-21c8-4a34-aa4d-e71b66c95880,REQUEST,Rubbing Alcohol,2,139,3
2028-09-25,1bc04fac-a6c3-43fa-8106-86022b5fb480,REQUEST,Rubbing Alcohol,2,137,3
2028-09-25,cb2b713c-df29-493c-905f-e648e7bb7dd2,REQUEST,Bandages,1,171,3
2028-09-25,1bc04fac-a6c3-43fa-8106-86022b5fb480,REQUEST,Rubbing Alcohol,2,130,3
2028-09-25,1b13c7f6-c8ba-42b9-a309-5cab3c06806c,REQUEST,Bandages,1,161,3
2028-09-25,496ba944-754d-4449-bc94-94a75c88c755,REQUEST,Medikit,3,471,3
2028-09-25,496ba944-754d-4449-bc94-94a75c88c755,REQUEST,Bandages,1,151,3
2028-09-25,e8168689-dcb9-4476-9ca4-5684b632ba41,REQUEST,Rubbing Alcohol,2,118,3
2028-09-25,bbbb3f47-adcc-4643-9e93-edcc1972019b,REQUEST,Rubbing Alcohol,2,118,3
2028-09-25,dc5a866a-21c8-4a34-aa4d-e71b66c95880,REQUEST,Rubbing Alcohol,2,108,3
2028-09-25,b30ee063-8d91-49f1-ae65-faf378459d95,REQUEST,Medikit,3,398,3
2028-09-25,e40d342c-6182-4b1b-a29e-0bed2a047d50,REQUEST,Experimental Weaponry,1,785,3
2028-09-25,cab7e525-1e06-4660-9baf-3bccb5a97ce2,REQUEST,Medikit,3,392,3
2028-09-25,f8566df4-411e-4458-8b01-138d7b5dd1d8,REQUEST,Medikit,3,389,3
2028-09-25,cb2b713c-df29-493c-905f-e648e7bb7dd2,REQUEST,Medikit,3,376,3
2028-09-25,f5756d16-a059-4107-b5f6-a4bedc19ea83,REQUEST,Medikit,3,374,3
2028-09-25,0416cbf5-6d56-4b6e-a802-0c41d09bba82,REQUEST,Medikit,3,362,3
2028-09-25,f5756d16-a059-4107-b5f6-a4bedc19ea83,REQUEST,Medikit,3,360,3
2028-09-25,b30ee063-8d91-49f1-ae65-faf378459d95,REQUEST,Medikit,3,360,3
2028-09-25,e40d342c-6182-4b1b-a29e-0bed2a047d50,REQUEST,Experimental Weaponry,1,676,3
2028-09-25,cab7e525-1e06-4660-9baf-3bccb5a97ce2,REQUEST,Experimental Weaponry,1,669,3
2028-09-25,bbbb3f47-adcc-4643-9e93-edcc1972019b,REQUEST,Rubbing Alcohol,3,130,3
2028-09-25,1bc04fac-a6c3-43fa-8106-86022b5fb480,REQUEST,Medikit,4,425,3
2028-09-25,e8168689-dcb9-4476-9ca4-5684b632ba41,REQUEST,Rubbing Alcohol,3,127,3
2028-09-25,f8566df4-411e-4458-8b01-138d7b5dd1d8,REQUEST,Rubbing Alcohol,3,127,3
2028-09-25,b0d49275-8423-49a4-aebe-459d2c7057da,REQUEST,Tequila,4,810,3
2028-09-25,0416cbf5-6d56-4b6e-a802-0c41d09bba82,REQUEST,Rubbing Alcohol,3,121,3
2028-09-25,e40d342c-6182-4b1b-a29e-0bed2a047d50,REQUEST,Medikit,5,492,3
2028-09-25,90b7f288-3673-4aba-b77d-2c85b815287d,REQUEST,Medikit,4,391,3
2028-09-25,e40d342c-6182-4b1b-a29e-0bed2a047d50,REQUEST,Medikit,4,391,3
2028-09-25,c8058c8b-31da-4834-a2e5-5119d05f2d4c,REQUEST,Experimental Weaponry,1,558,3
2028-09-25,c8058c8b-31da-4834-a2e5-5119d05f2d4c,REQUEST,Experimental Weaponry,1,558,3
2028-09-25,bbbb3f47-adcc-4643-9e93-edcc1972019b,REQUEST,Rubbing Alcohol,4,145,3
2028-09-25,f5756d16-a059-4107-b5f6-a4bedc19ea83,REQUEST,Rubbing Alcohol,5,180,3
2028-09-25,b0d49275-8423-49a4-aebe-459d2c7057da,REQUEST,Rubbing Alcohol,3,108,3
2028-09-25,f8566df4-411e-4458-8b01-138d7b5dd1d8,REQUEST,Rubbing Alcohol,3,108,3
2028-09-25,c8058c8b-31da-4834-a2e5-5119d05f2d4c,REQUEST,Rubbing Alcohol,3,108,3
2028-09-25,cab7e525-1e06-4660-9baf-3bccb5a97ce2,REQUEST,Experimental Weaponry,1,534,3
2028-09-25,bbbb3f47-adcc-4643-9e93-edcc1972019b,REQUEST,Bandages,2,171,3
2028-09-25,dc5a866a-21c8-4a34-aa4d-e71b66c95880,REQUEST,Rubbing Alcohol,4,132,3
2028-09-25,b30ee063-8d91-49f1-ae65-faf378459d95,REQUEST,Rubbing Alcohol,4,127,3
2028-09-25,b0d49275-8423-49a4-aebe-459d2c7057da,REQUEST,Rubbing Alcohol,4,125,3
2028-09-25,bbbb3f47-adcc-4643-9e93-edcc1972019b,REQUEST,Rubbing Alcohol,4,124,3
2028-09-25,1b13c7f6-c8ba-42b9-a309-5cab3c06806c,REQUEST,Medikit,5,360,3
2028-09-25,b30ee063-8d91-49f1-ae65-faf378459d95,REQUEST,Bandages,2,144,3
2028-09-25,496ba944-754d-4449-bc94-94a75c88c755,REQUEST,Rubbing Alcohol,5,143,3
2028-09-25,bbbb3f47-adcc-4643-9e93-edcc1972019b,REQUEST,Rubbing Alcohol,5,142,3
2028-09-25,bbbb3f47-adcc-4643-9e93-edcc1972019b,REQUEST,Radio Equipment,1,405,3
2028-09-25,1bc04fac-a6c3-43fa-8106-86022b5fb480,REQUEST,Rubbing Alcohol,4,108,3
2028-09-25,0416cbf5-6d56-4b6e-a802-0c41d09bba82,REQUEST,Bandages,3,193,3
2028-09-25,bbbb3f47-adcc-4643-9e93-edcc1972019b,REQUEST,Medical Equipment,1,354,3
2028-09-25,90b7f288-3673-4aba-b77d-2c85b815287d,REQUEST,Bandages,3,174,3
2028-09-25,1bc04fac-a6c3-43fa-8106-86022b5fb480,REQUEST,Medical Equipment,1,339,3
2028-09-25,0416cbf5-6d56-4b6e-a802-0c41d09bba82,REQUEST,Rubbing Alcohol,5,108,3
2028-09-25,f8566df4-411e-4458-8b01-138d7b5dd1d8,REQUEST,Hygiene Packs,1,104,3
2028-09-25,c8058c8b-31da-4834-a2e5-5119d05f2d4c,REQUEST,Medical Equipment,1,310,3
2028-09-25,e8168689-dcb9-4476-9ca4-5684b632ba41,REQUEST,Bandages,3,154,3
2028-09-25,dc5a866a-21c8-4a34-aa4d-e71b66c95880,REQUEST,Medical Equipment,1,298,3
2028-09-25,dc5a866a-21c8-4a34-aa4d-e71b66c95880,REQUEST,Medical Equipment,1,297,3
2028-09-25,dc5a866a-21c8-4a34-aa4d-e71b66c95880,REQUEST,Hygiene Packs,1,99,3
2028-09-25,e40d342c-6182-4b1b-a29e-0bed2a047d50,REQUEST,Medical Equipment,1,290,3
2028-09-25,4219f1e9-ae66-4c47-bb3a-631507f123b7,REQUEST,Medical Equipment,1,289,3
2028-09-25,cab7e525-1e06-4660-9baf-3bccb5a97ce2,REQUEST,Medical Equipment,1,289,3
2028-09-25,c8058c8b-31da-4834-a2e5-5119d05f2d4c,REQUEST,Petrol,1,192,3
2028-09-25,496ba944-754d-4449-bc94-94a75c88c755,REQUEST,Experimental Weaponry,2,575,3
2028-09-25,e40d342c-6182-4b1b-a29e-0bed2a047d50,REQUEST,Medical Equipment,1,282,3
2028-09-25,e40d342c-6182-4b1b-a29e-0bed2a047d50,REQUEST,Petrol,1,188,3
2028-09-25,0416cbf5-6d56-4b6e-a802-0c41d09bba82,REQUEST,Experimental Weaponry,2,562,3
2028-09-25,f8566df4-411e-4458-8b01-138d7b5dd1d8,REQUEST,Experimental Weaponry,2,558,3
2028-09-25,dc5a866a-21c8-4a34-aa4d-e71b66c95880,REQUEST,Medical Equipment,1,278,3
2028-09-25,cab7e525-1e06-4660-9baf-3bccb5a97ce2,REQUEST,Medical Equipment,1,277,3
2028-09-25,0416cbf5-6d56-4b6e-a802-0c41d09bba82,REQUEST,Petrol,1,184,3
2028-09-25,b30ee063-8d91-49f1-ae65-faf378459d95,REQUEST,Petrol,1,183,3
2028-09-25,4219f1e9-ae66-4c47-bb3a-631507f123b7,REQUEST,Experimental Weaponry,2,547,3
2028-09-25,4219f1e9-ae66-4c47-bb3a-631507f123b7,REQUEST,Medical Equipment,1,270,3
2028-09-25,1b13c7f6-c8ba-42b9-a309-5cab3c06806c,REQUEST,Medical Equipment,1,270,3
2028-09-25,cb2b713c-df29-493c-905f-e648e7bb7dd2,REQUEST,Medical Equipment,1,270,3
2028-09-25,bbbb3f47-adcc-4643-9e93-edcc1972019b,REQUEST,Medical Equipment,1,270,3
2028-09-25,1bc04fac-a6c3-43fa-8106-86022b5fb480,REQUEST,Petrol,1,180,3
2028-09-25,bbbb3f47-adcc-4643-9e93-edcc1972019b,REQUEST,Medical Equipment,1,270,3
2028-09-25,e40d342c-6182-4b1b-a29e-0bed2a047d50,REQUEST,Bandages,4,176,3
2028-09-25,c8058c8b-31da-4834-a2e5-5119d05f2d4c,REQUEST,Bandages,4,175,3
2028-09-25,cab7e525-1e06-4660-9baf-3bccb5a97ce2,REQUEST,Hygiene Packs,1,86,3
2028-09-25,e8168689-dcb9-4476-9ca4-5684b632ba41,REQUEST,Petrol,1,172,3
2028-09-25,1bc04fac-a6c3-43fa-8106-86022b5fb480,REQUEST,Radio Equipment,1,256,3
2028-09-25,f5756d16-a059-4107-b5f6-a4bedc19ea83,REQUEST,Radio Equipment,1,252,3
2028-09-25,cab7e525-1e06-4660-9baf-3bccb5a97ce2,REQUEST,Hygiene Packs,1,81,3
2028-09-25,f8566df4-411e-4458-8b01-138d7b5dd1d8,REQUEST,Bandages,4,144,3
2028-09-25,1b13c7f6-c8ba-42b9-a309-5cab3c06806c,REQUEST,Diesel,1,141,3
2028-09-25,4219f1e9-ae66-4c47-bb3a-631507f123b7,REQUEST,Fat Rations,1,35,3
2028-09-25,1bc04fac-a6c3-43fa-8106-86022b5fb480,REQUEST,Diesel,1,134,3
2028-09-25,c8058c8b-31da-4834-a2e5-5119d05f2d4c,REQUEST,Fat Rations,1,32,3
2028-09-25,e8168689-dcb9-4476-9ca4-5684b632ba41,REQUEST,Diesel,1,126,3
2028-09-25,cab7e525-1e06-4660-9baf-3bccb5a97ce2,REQUEST,Diesel,1,126,3
2028-09-25,90b7f288-3673-4aba-b77d-2c85b815287d,REQUEST,Diesel,1,125,3
2028-09-25,bbbb3f47-adcc-4643-9e93-edcc1972019b,REQUEST,Experimental Weaponry,3,560,3
2028-09-25,cb2b713c-df29-493c-905f-e648e7bb7dd2,REQUEST,Fat Rations,1,31,3
2028-09-25,e8168689-dcb9-4476-9ca4-5684b632ba41,REQUEST,Experimental Weaponry,3,558,3
2028-09-25,496ba944-754d-4449-bc94-94a75c88c755,REQUEST,Medical Equipment,2,366,3
2028-09-25,b30ee063-8d91-49f1-ae65-faf378459d95,REQUEST,Bandages,5,152,3
2028-09-25,1b13c7f6-c8ba-42b9-a309-5cab3c06806c,REQUEST,Fat Rations,1,30,3
2028-09-25,dc5a866a-21c8-4a34-aa4d-e71b66c95880,REQUEST,Diesel,1,117,3
2028-09-25,e8168689-dcb9-4476-9ca4-5684b632ba41,REQUEST,Diesel,1,117,3
2028-09-25,b30ee063-8d91-49f1-ae65-faf378459d95,REQUEST,Bandages,5,144,3
2028-09-25,f5756d16-a059-4107-b5f6-a4bedc19ea83,REQUEST,Pulley,1,114,3
2028-09-25,c8058c8b-31da-4834-a2e5-5119d05f2d4c,REQUEST,Fat Rations,1,27,3
2028-09-25,e8168689-dcb9-4476-9ca4-5684b632ba41,REQUEST,Bandages,6,162,3
2028-09-25,cab7e525-1e06-4660-9baf-3bccb5a97ce2,REQUEST,Fat Rations,1,27,3
2028-09-25,4219f1e9-ae66-4c47-bb3a-631507f123b7,REQUEST,Fat Rations,1,27,3
2028-09-25,dc5a866a-21c8-4a34-aa4d-e71b66c95880,REQUEST,Pulley,1,107,3
2028-09-25,e40d342c-6182-4b1b-a29e-0bed2a047d50,REQUEST,Hygiene Packs,2,107,3
2028-09-25,90b7f288-3673-4aba-b77d-2c85b815287d,REQUEST,Medical Equipment,2,315,3
2028-09-25,cb2b713c-df29-493c-905f-e648e7bb7dd2,REQUEST,Pistol Parts,1,311,3
2028-09-25,cab7e525-1e06-4660-9baf-3bccb5a97ce2,REQUEST,Pulley,1,103,3
2028-09-25,0416cbf5-6d56-4b6e-a802-0c41d09bba82,REQUEST,Hygiene Packs,2,98,3
2028-09-25,bbbb3f47-adcc-4643-9e93-edcc1972019b,REQUEST,Pulley,1,98,3
2028-09-25,f5756d16-a059-4107-b5f6-a4bedc19ea83,REQUEST,Medical Equipment,2,293,3
2028-09-25,f8566df4-411e-4458-8b01-138d7b5dd1d8,REQUEST,Petrol,2,195,3
2028-09-25,f8566df4-411e-4458-8b01-138d7b5dd1d8,REQUEST,Medical Equipment,2,291,3
2028-09-25,e40d342c-6182-4b1b-a29e-0bed2a047d50,REQUEST,Pulley,1,97,3
2028-09-25,0416cbf5-6d56-4b6e-a802-0c41d09bba82,REQUEST,Pistol Parts,1,289,3
2028-09-25,4219f1e9-ae66-4c47-bb3a-631507f123b7,REQUEST,Hygiene Packs,2,96,3
2028-09-25,cb2b713c-df29-493c-905f-e648e7bb7dd2,REQUEST,Bandages,6,144,3
2028-09-25,f8566df4-411e-4458-8b01-138d7b5dd1d8,REQUEST,Fat Rations,1,24,3
2028-09-25,f8566df4-411e-4458-8b01-138d7b5dd1d8,REQUEST,Bandages,6,144,3
2028-09-25,bbbb3f47-adcc-4643-9e93-edcc1972019b,REQUEST,Medical Equipment,3,431,3
2028-09-25,90b7f288-3673-4aba-b77d-2c85b815287d,REQUEST,Hygiene Packs,2,94,3
2028-09-25,e8168689-dcb9-4476-9ca4-5684b632ba41,REQUEST,Pulley,1,94,3
2028-09-25,bbbb3f47-adcc-4643-9e93-edcc1972019b,REQUEST,Pulley,1,93,3
2028-09-25,0416cbf5-6d56-4b6e-a802-0c41d09bba82,REQUEST,Petrol,2,184,3
2028-09-25,90b7f288-3673-4aba-b77d-2c85b815287d,REQUEST,Fat Rations,1,23,3
2028-09-25,cb2b713c-df29-493c-905f-e648e7bb7dd2,REQUEST,Pulley,1,92,3
2028-09-25,e40d342c-6182-4b1b-a29e-0bed2a047d50,REQUEST,Hygiene Packs,2,92,3
2028-09-25,1bc04fac-a6c3-43fa-8106-86022b5fb480,REQUEST,Fat Rations,1,23,3
2028-09-25,dc5a866a-21c8-4a34-aa4d-e71b66c95880,REQUEST,Bandages,7,160,3
2028-09-25,f8566df4-411e-4458-8b01-138d7b5dd1d8,REQUEST,Riot Equipment,1,547,3
2028-09-25,f8566df4-411e-4458-8b01-138d7b5dd1d8,REQUEST,Medical Equipment,2,270,3
2028-09-25,f8566df4-411e-4458-8b01-138d7b5dd1d8,REQUEST,Riot Equipment,1,534,3
2028-09-25,4219f1e9-ae66-4c47-bb3a-631507f123b7,REQUEST,Fat Rations,1,22,3
2028-09-25,b30ee063-8d91-49f1-ae65-faf378459d95,REQUEST,Makeshift Explosives,1,174,3
2028-09-25,4219f1e9-ae66-4c47-bb3a-631507f123b7,REQUEST,Hygiene Packs,2,86,3
2028-09-25,cab7e525-1e06-4660-9baf-3bccb5a97ce2,REQUEST,Pulley,1,86,3
2028-09-25,bbbb3f47-adcc-4643-9e93-edcc1972019b,REQUEST,Pulley,1,85,3
2028-09-25,496ba944-754d-4449-bc94-94a75c88c755,REQUEST,Pulley,1,85,3
2028-09-25,cb2b713c-df29-493c-905f-e648e7bb7dd2,REQUEST,Pistol Parts,1,254,3
2028-09-25,e40d342c-6182-4b1b-a29e-0bed2a047d50,REQUEST,Rope,1,84,3
2028-09-25,b0d49275-8423-49a4-aebe-459d2c7057da,REQUEST,Radio Equipment,2,252,3
2028-09-25,f8566df4-411e-4458-8b01-138d7b5dd1d8,REQUEST,Radio Equipment,2,252,3
2028-09-25,90b7f288-3673-4aba-b77d-2c85b815287d,REQUEST,Pulley,1,83,3
2028-09-25,cab7e525-1e06-4660-9baf-3bccb5a97ce2,REQUEST,Hygiene Packs,2,82,3
2028-09-25,90b7f288-3673-4aba-b77d-2c85b815287d,REQUEST,Protein Rations,1,41,3
2028-09-25,bbbb3f47-adcc-4643-9e93-edcc1972019b,REQUEST,Riot Equipment,1,490,3
2028-09-25,1bc04fac-a6c3-43fa-8106-86022b5fb480,REQUEST,Pulley,1,81,3
2028-09-25,dc5a866a-21c8-4a34-aa4d-e71b66c95880,REQUEST,Pulley,1,81,3
2028-09-25,bbbb3f47-adcc-4643-9e93-edcc1972019b,REQUEST,Pulley,1,81,3
2028-09-25,0416cbf5-6d56-4b6e-a802-0c41d09bba82,REQUEST,Petrol,2,162,3
2028-09-25,f5756d16-a059-4107-b5f6-a4bedc19ea83,REQUEST,Pulley,1,81,3
2028-09-25,cb2b713c-df29-493c-905f-e648e7bb7dd2,REQUEST,Pulley,1,81,3
2028-09-25,0416cbf5-6d56-4b6e-a802-0c41d09bba82,REQUEST,Pulley,1,81,3
2028-09-25,90b7f288-3673-4aba-b77d-2c85b815287d,REQUEST,Pistol Parts,1,239,3
2028-09-25,e40d342c-6182-4b1b-a29e-0bed2a047d50,REQUEST,Makeshift Explosives,1,159,3
2028-09-25,dc5a866a-21c8-4a34-aa4d-e71b66c95880,REQUEST,Petrol,2,153,3
2028-09-25,cab7e525-1e06-4660-9baf-3bccb5a97ce2,REQUEST,Petrol,2,153,3
2028-09-25,b0d49275-8423-49a4-aebe-459d2c7057da,REQUEST,Fat Rations,2,38,3
2028-09-25,bbbb3f47-adcc-4643-9e93-edcc1972019b,REQUEST,Rope,1,76,3
2028-09-25,1bc04fac-a6c3-43fa-8106-86022b5fb480,REQUEST,Pistol Parts,1,227,3
2028-09-25,0416cbf5-6d56-4b6e-a802-0c41d09bba82,REQUEST,Pistol Parts,1,226,3
2028-09-25,e8168689-dcb9-4476-9ca4-5684b632ba41,REQUEST,Rope,1,75,3
2028-09-25,90b7f288-3673-4aba-b77d-2c85b815287d,REQUEST,Pistol Parts,1,223,3
2028-09-25,cab7e525-1e06-4660-9baf-3bccb5a97ce2,REQUEST,Rope,1,74,3
2028-09-25,cb2b713c-df29-493c-905f-e648e7bb7dd2,REQUEST,Rope,1,74,3
2028-09-25,1bc04fac-a6c3-43fa-8106-86022b5fb480,REQUEST,Riot Equipment,1,441,3
2028-09-25,4219f1e9-ae66-4c47-bb3a-631507f123b7,REQUEST,Rope,1,73,3
2028-09-25,cb2b713c-df29-493c-905f-e648e7bb7dd2,REQUEST,Hygiene Packs,3,109,3
2028-09-25,90b7f288-3673-4aba-b77d-2c85b815287d,REQUEST,Pistol Parts,1,217,3
2028-09-25,90b7f288-3673-4aba-b77d-2c85b815287d,REQUEST,Pistol Parts,1,216,3
2028-09-25,b0d49275-8423-49a4-aebe-459d2c7057da,REQUEST,Bandages,8,144,3
2028-09-25,90b7f288-3673-4aba-b77d-2c85b815287d,REQUEST,Pistol Parts,1,216,3
2028-09-25,e40d342c-6182-4b1b-a29e-0bed2a047d50,REQUEST,Rope,1,72,3
2028-09-25,c8058c8b-31da-4834-a2e5-5119d05f2d4c,REQUEST,Protein Rations,1,36,3
2028-09-25,b0d49275-8423-49a4-aebe-459d2c7057da,REQUEST,Rope,1,72,3
2028-09-25,0416cbf5-6d56-4b6e-a802-0c41d09bba82,REQUEST,Riot Equipment,1,431,3
2028-09-25,90b7f288-3673-4aba-b77d-2c85b815287d,REQUEST,Pistol Parts,1,214,3
2028-09-25,1bc04fac-a6c3-43fa-8106-86022b5fb480,REQUEST,Hygiene Packs,3,107,3
2028-09-25,f8566df4-411e-4458-8b01-138d7b5dd1d8,REQUEST,Workshop Tools,1,213,3
2028-09-25,4219f1e9-ae66-4c47-bb3a-631507f123b7,REQUEST,Riot Equipment,1,423,3
2028-09-25,c8058c8b-31da-4834-a2e5-5119d05f2d4c,REQUEST,Riot Equipment,1,422,3
2028-09-25,0416cbf5-6d56-4b6e-a802-0c41d09bba82,REQUEST,Petrol,3,210,3
2028-09-25,90b7f288-3673-4aba-b77d-2c85b815287d,REQUEST,Diesel,2,139,3
2028-09-25,bbbb3f47-adcc-4643-9e93-edcc1972019b,REQUEST,Hygiene Packs,3,104,3
2028-09-25,496ba944-754d-4449-bc94-94a75c88c755,REQUEST,Riot Equipment,1,414,3
2028-09-25,e8168689-dcb9-4476-9ca4-5684b632ba41,REQUEST,Riot Equipment,1,412,3
2028-09-25,90b7f288-3673-4aba-b77d-2c85b815287d,REQUEST,Workshop Tools,1,205,3
2028-09-25,1b13c7f6-c8ba-42b9-a309-5cab3c06806c,REQUEST,Riot Equipment,1,406,3
2028-09-25,cb2b713c-df29-493c-905f-e648e7bb7dd2,REQUEST,Drone Parts,1,202,3
2028-09-25,f5756d16-a059-4107-b5f6-a4bedc19ea83,REQUEST,Medical Equipment,3,302,3
2028-09-25,4219f1e9-ae66-4c47-bb3a-631507f123b7,REQUEST,Rope,1,67,3
2028-09-25,b30ee063-8d91-49f1-ae65-faf378459d95,REQUEST,Climbing Equipment,1,134,3
2028-09-25,f5756d16-a059-4107-b5f6-a4bedc19ea83,REQUEST,Medical Equipment,3,301,3
2028-09-25,c8058c8b-31da-4834-a2e5-5119d05f2d4c,REQUEST,Workshop Tools,1,200,3
2028-09-25,cab7e525-1e06-4660-9baf-3bccb5a97ce2,REQUEST,Diesel,2,133,3
2028-09-25,1bc04fac-a6c3-43fa-8106-86022b5fb480,REQUEST,Medical Equipment,3,298,3
2028-09-25,b30ee063-8d91-49f1-ae65-faf378459d95,REQUEST,Riot Equipment,1,396,3
2028-09-25,cab7e525-1e06-4660-9baf-3bccb5a97ce2,REQUEST,Riot Equipment,1,396,3
2028-09-25,dc5a866a-21c8-4a34-aa4d-e71b66c95880,REQUEST,Rope,1,66,3
2028-09-25,90b7f288-3673-4aba-b77d-2c85b815287d,REQUEST,Rope,1,65,3
2028-09-25,4219f1e9-ae66-4c47-bb3a-631507f123b7,REQUEST,Medical Equipment,3,292,3
2028-09-25,496ba944-754d-4449-bc94-94a75c88c755,REQUEST,Medical Equipment,3,291,3
2028-09-25,dc5a866a-21c8-4a34-aa4d-e71b66c95880,REQUEST,Climbing Equipment,1,129,3
2028-09-25,cab7e525-1e06-4660-9baf-3bccb5a97ce2,REQUEST,Medical Equipment,3,289,3
2028-09-25,b30ee063-8d91-49f1-ae65-faf378459d95,REQUEST,Fat Rations,2,32,3
2028-09-25,90b7f288-3673-4aba-b77d-2c85b815287d,REQUEST,Climbing Equipment,1,128,3
2028-09-25,1bc04fac-a6c3-43fa-8106-86022b5fb480,REQUEST,Workshop Tools,1,191,3
2028-09-25,cab7e525-1e06-4660-9baf-3bccb5a97ce2,REQUEST,Medical Equipment,3,286,3
2028-09-25,496ba944-754d-4449-bc94-94a75c88c755,REQUEST,Petrol,3,190,3
2028-09-25,e40d342c-6182-4b1b-a29e-0bed2a047d50,REQUEST,Workshop Tools,1,189,3
2028-09-25,c8058c8b-31da-4834-a2e5-5119d05f2d4c,REQUEST,Hygiene Packs,3,91,3
2028-09-25,cb2b713c-df29-493c-905f-e648e7bb7dd2,REQUEST,Climbing Equipment,1,120,3
2028-09-25,1bc04fac-a6c3-43fa-8106-86022b5fb480,REQUEST,Workshop Tools,1,180,3
2028-09-25,90b7f288-3673-4aba-b77d-2c85b815287d,REQUEST,Workshop Tools,1,180,3
2028-09-25,c8058c8b-31da-4834-a2e5-5119d05f2d4c,REQUEST,Workshop Tools,1,180,3
2028-09-25,e8168689-dcb9-4476-9ca4-5684b632ba41,REQUEST,Workshop Tools,1,180,3
2028-09-25,4219f1e9-ae66-4c47-bb3a-631507f123b7,REQUEST,Radio Equipment,4,356,3
2028-09-25,b0d49275-8423-49a4-aebe-459d2c7057da,REQUEST,Climbing Equipment,1,117,3
2028-09-25,4219f1e9-ae66-4c47-bb3a-631507f123b7,REQUEST,Fat Rations,2,29,3
2028-09-25,c8058c8b-31da-4834-a2e5-5119d05f2d4c,REQUEST,Fat Rations,2,29,3
2028-09-25,0416cbf5-6d56-4b6e-a802-0c41d09bba82,REQUEST,Radio Equipment,3,259,3
2028-09-25,496ba944-754d-4449-bc94-94a75c88c755,REQUEST,Drilling Equipment,1,172,3
2028-09-25,496ba944-754d-4449-bc94-94a75c88c755,REQUEST,Diesel,3,166,3
2028-09-25,1bc04fac-a6c3-43fa-8106-86022b5fb480,REQUEST,Hygiene Packs,3,81,3
2028-09-25,496ba944-754d-4449-bc94-94a75c88c755,REQUEST,Pistol Parts,2,321,3
2028-09-25,cb2b713c-df29-493c-905f-e648e7bb7dd2,REQUEST,Drilling Equipment,1,157,3
2028-09-25,496ba944-754d-4449-bc94-94a75c88c755,REQUEST,Hygiene Packs,4,104,3
2028-09-25,f8566df4-411e-4458-8b01-138d7b5dd1d8,REQUEST,Radio Equipment,4,312,3
2028-09-25,cb2b713c-df29-493c-905f-e648e7bb7dd2,REQUEST,Radio Equipment,4,307,3
2028-09-25,dc5a866a-21c8-4a34-aa4d-e71b66c95880,REQUEST,Pulley,2,102,3
2028-09-25,4219f1e9-ae66-4c47-bb3a-631507f123b7,REQUEST,Petrol,3,153,3
2028-09-25,dc5a866a-21c8-4a34-aa4d-e71b66c95880,REQUEST,Medical Equipment,4,303,3
2028-09-25,b30ee063-8d91-49f1-ae65-faf378459d95,REQUEST,Radio Equipment,4,301,3
2028-09-25,1bc04fac-a6c3-43fa-8106-86022b5fb480,REQUEST,Pistol Parts,2,295,3
2028-09-25,1b13c7f6-c8ba-42b9-a309-5cab3c06806c,REQUEST,Drilling Equipment,1,146,3
2028-09-25,496ba944-754d-4449-bc94-94a75c88c755,REQUEST,Medical Equipment,4,292,3
2028-09-25,4219f1e9-ae66-4c47-bb3a-631507f123b7,REQUEST,Medical Equipment,4,291,3
2028-09-25,bbbb3f47-adcc-4643-9e93-edcc1972019b,REQUEST,Drone Parts,1,144,3
2028-09-25,496ba944-754d-4449-bc94-94a75c88c755,REQUEST,Drone Parts,1,144,3
2028-09-25,f8566df4-411e-4458-8b01-138d7b5dd1d8,REQUEST,Fat Rations,2,24,3
2028-09-25,bbbb3f47-adcc-4643-9e93-edcc1972019b,REQUEST,Pulley,2,96,3
2028-09-25,c8058c8b-31da-4834-a2e5-5119d05f2d4c,REQUEST,Drilling Equipment,1,144,3
2028-09-25,1b13c7f6-c8ba-42b9-a309-5cab3c06806c,REQUEST,Climbing Equipment,1,96,3
2028-09-25,1b13c7f6-c8ba-42b9-a309-5cab3c06806c,REQUEST,Climbing Equipment,1,95,3
2028-09-25,f8566df4-411e-4458-8b01-138d7b5dd1d8,REQUEST,Radio Equipment,4,281,3
2028-09-25,dc5a866a-21c8-4a34-aa4d-e71b66c95880,EXCESS,Medikit,1,454,3
